,c1qb,Case.ID,Sample.ID
0,574417.237903,TCGA-LL-A6FP,TCGA-LL-A6FP-01A
1,1344685.02774,TCGA-OL-A5D8,TCGA-OL-A5D8-01A
2,1100138.11359,TCGA-PE-A5DD,TCGA-PE-A5DD-01A
3,2086077.71801,TCGA-AN-A0AK,TCGA-AN-A0AK-01A
4,3374055.59881,TCGA-E2-A1LE,TCGA-E2-A1LE-01A
5,921207.208793,TCGA-E9-A1R2,TCGA-E9-A1R2-01A
6,2382300.96699,TCGA-E9-A1RH,TCGA-E9-A1RH-11A
7,3038610.8259900007,TCGA-BH-A209,TCGA-BH-A209-11A
8,1268908.39711,TCGA-AN-A04A,TCGA-AN-A04A-01A
9,4813079.97016,TCGA-D8-A1XL,TCGA-D8-A1XL-01A
10,800236.952642,TCGA-AN-A0FV,TCGA-AN-A0FV-01A
11,747789.29917,TCGA-EW-A1PC,TCGA-EW-A1PC-01B
12,967386.815891,TCGA-PL-A8LV,TCGA-PL-A8LV-01A
13,1758781.27641,TCGA-BH-A18U,TCGA-BH-A18U-01A
14,3613606.99696,TCGA-AC-A62V,TCGA-AC-A62V-01A
15,3274328.92181,TCGA-AR-A0TU,TCGA-AR-A0TU-01A
16,353457.343001,TCGA-A7-A13E,TCGA-A7-A13E-01B
17,690602.215959,TCGA-A7-A6VX,TCGA-A7-A6VX-01A
18,4927418.76291,TCGA-A2-A0YH,TCGA-A2-A0YH-01A
19,1012831.31813,TCGA-EW-A1PF,TCGA-EW-A1PF-01A
20,501828.39053999993,TCGA-BH-A0BM,TCGA-BH-A0BM-01A
21,3119604.53046,TCGA-AC-A62Y,TCGA-AC-A62Y-01A
22,2960168.81614,TCGA-A2-A0CL,TCGA-A2-A0CL-01A
23,1911937.73385,TCGA-D8-A1Y1,TCGA-D8-A1Y1-01A
24,849307.370596,TCGA-D8-A4Z1,TCGA-D8-A4Z1-01A
25,2332286.88655,TCGA-BH-A0AY,TCGA-BH-A0AY-01A
26,1414240.79781,TCGA-E2-A158,TCGA-E2-A158-11A
27,850813.465284,TCGA-AO-A0JM,TCGA-AO-A0JM-01A
28,1317686.0616,TCGA-AR-A255,TCGA-AR-A255-01A
29,448897.185935,TCGA-A7-A0DA,TCGA-A7-A0DA-01A
30,2401990.59655,TCGA-AR-A0TX,TCGA-AR-A0TX-01A
31,2790024.65136,TCGA-E9-A3Q9,TCGA-E9-A3Q9-01A
32,635064.016392,TCGA-BH-A0H7,TCGA-BH-A0H7-01A
33,1542799.13384,TCGA-LL-A6FQ,TCGA-LL-A6FQ-01A
34,2925331.22325,TCGA-A8-A08A,TCGA-A8-A08A-01A
35,1018357.98454,TCGA-BH-A18T,TCGA-BH-A18T-01A
36,588282.950771,TCGA-B6-A0RV,TCGA-B6-A0RV-01A
37,437458.153134,TCGA-B6-A0X5,TCGA-B6-A0X5-01A
38,1906664.38556,TCGA-A8-A09W,TCGA-A8-A09W-01A
39,1506308.32343,TCGA-D8-A1X5,TCGA-D8-A1X5-01A
40,2584496.8184700003,TCGA-A8-A07J,TCGA-A8-A07J-01A
41,1860414.35425,TCGA-AC-A2FB,TCGA-AC-A2FB-01A
42,2435031.9785700003,TCGA-EW-A1J1,TCGA-EW-A1J1-01A
43,1173363.83886,TCGA-A8-A07S,TCGA-A8-A07S-01A
44,871011.660292,TCGA-B6-A0IK,TCGA-B6-A0IK-01A
45,3341475.56587,TCGA-JL-A3YW,TCGA-JL-A3YW-01A
46,3831312.76388,TCGA-A8-A08H,TCGA-A8-A08H-01A
47,1298362.87968,TCGA-E9-A227,TCGA-E9-A227-01A
48,6899620.90783,TCGA-BH-A0C0,TCGA-BH-A0C0-01A
49,642616.382779,TCGA-BH-A203,TCGA-BH-A203-11A
50,669439.89191,TCGA-E2-A1LI,TCGA-E2-A1LI-01A
51,686805.9157939999,TCGA-OL-A5RX,TCGA-OL-A5RX-01A
52,1039060.49089,TCGA-BH-A0B5,TCGA-BH-A0B5-11A
53,2910075.97517,TCGA-A2-A0SW,TCGA-A2-A0SW-01A
54,603576.771323,TCGA-A2-A0EX,TCGA-A2-A0EX-01A
55,650868.309801,TCGA-C8-A3M8,TCGA-C8-A3M8-01A
56,570287.678245,TCGA-BH-A0H7,TCGA-BH-A0H7-11A
57,116961.55526,TCGA-E2-A574,TCGA-E2-A574-01A
58,698223.557591,TCGA-BH-A18K,TCGA-BH-A18K-11A
59,2232525.40449,TCGA-AR-A1AR,TCGA-AR-A1AR-01A
60,2302456.55231,TCGA-A7-A0D9,TCGA-A7-A0D9-11A
61,990746.180667,TCGA-E2-A1LK,TCGA-E2-A1LK-01A
62,614604.430583,TCGA-C8-A12M,TCGA-C8-A12M-01A
63,3822460.71949,TCGA-AR-A254,TCGA-AR-A254-01A
64,2283394.30713,TCGA-BH-A1F6,TCGA-BH-A1F6-11B
65,507753.57225,TCGA-A7-A26J,TCGA-A7-A26J-01B
66,1074349.34187,TCGA-E2-A1IN,TCGA-E2-A1IN-01A
67,1572307.34408,TCGA-AR-A24T,TCGA-AR-A24T-01A
68,922625.973146,TCGA-E9-A54Y,TCGA-E9-A54Y-01A
69,356144.3883670001,TCGA-B6-A0X0,TCGA-B6-A0X0-01A
70,705619.781297,TCGA-AR-A0TZ,TCGA-AR-A0TZ-01A
71,2597602.05535,TCGA-GM-A2DK,TCGA-GM-A2DK-01A
72,6812548.64864,TCGA-E2-A1II,TCGA-E2-A1II-01A
73,1118510.94415,TCGA-BH-A1FD,TCGA-BH-A1FD-01A
74,2511088.79735,TCGA-D8-A1X6,TCGA-D8-A1X6-01A
75,5747992.17136,TCGA-A8-A0A7,TCGA-A8-A0A7-01A
76,471966.88298900006,TCGA-3C-AAAU,TCGA-3C-AAAU-01A
77,1183933.67626,TCGA-OL-A5DA,TCGA-OL-A5DA-01A
78,249884.347489,TCGA-A1-A0SK,TCGA-A1-A0SK-01A
79,1279032.93489,TCGA-A7-A26G,TCGA-A7-A26G-01A
80,2833092.41618,TCGA-E9-A1NF,TCGA-E9-A1NF-01A
81,458896.86293,TCGA-AC-A3QQ,TCGA-AC-A3QQ-01B
82,956983.538395,TCGA-AR-A24Z,TCGA-AR-A24Z-01A
83,489366.973898,TCGA-AO-A12F,TCGA-AO-A12F-01A
84,4152874.0519800005,TCGA-OL-A5RY,TCGA-OL-A5RY-01A
85,1034505.65718,TCGA-C8-A1HE,TCGA-C8-A1HE-01A
86,1040118.00853,TCGA-A2-A1G0,TCGA-A2-A1G0-01A
87,1031930.09785,TCGA-D8-A1JF,TCGA-D8-A1JF-01A
88,1802537.00689,TCGA-GI-A2C9,TCGA-GI-A2C9-01A
89,276954.14799800003,TCGA-A2-A0YJ,TCGA-A2-A0YJ-01A
90,715959.563265,TCGA-BH-A1FU,TCGA-BH-A1FU-01A
91,4212101.21887,TCGA-C8-A275,TCGA-C8-A275-01A
92,2045248.40553,TCGA-BH-A18J,TCGA-BH-A18J-01A
93,2906432.63785,TCGA-GM-A2DI,TCGA-GM-A2DI-01A
94,935276.68644,TCGA-E2-A2P5,TCGA-E2-A2P5-01A
95,1675734.69061,TCGA-BH-A1FD,TCGA-BH-A1FD-11B
96,744126.633225,TCGA-BH-A1F2,TCGA-BH-A1F2-01A
97,994873.01772,TCGA-C8-A26Y,TCGA-C8-A26Y-01A
98,1427422.49999,TCGA-D8-A1XK,TCGA-D8-A1XK-01A
99,425077.702599,TCGA-E9-A5UP,TCGA-E9-A5UP-01A
100,1505859.52534,TCGA-BH-A0DL,TCGA-BH-A0DL-11A
101,1574865.41289,TCGA-AR-A5QN,TCGA-AR-A5QN-01A
102,755830.127179,TCGA-BH-A0BA,TCGA-BH-A0BA-01A
103,988044.497029,TCGA-BH-A18M,TCGA-BH-A18M-01A
104,339593.579256,TCGA-E2-A15T,TCGA-E2-A15T-01A
105,1205582.12761,TCGA-AO-A12H,TCGA-AO-A12H-01A
106,2381722.69717,TCGA-C8-A8HR,TCGA-C8-A8HR-01A
107,870692.5008370002,TCGA-EW-A1IX,TCGA-EW-A1IX-01A
108,1806357.65748,TCGA-E2-A15M,TCGA-E2-A15M-11A
109,956918.015728,TCGA-AR-A2LK,TCGA-AR-A2LK-01A
110,1650391.26968,TCGA-AR-A1AX,TCGA-AR-A1AX-01A
111,1003763.42722,TCGA-BH-A201,TCGA-BH-A201-01A
112,1109718.02748,TCGA-AO-A03L,TCGA-AO-A03L-01A
113,2041361.15542,TCGA-BH-A0DD,TCGA-BH-A0DD-11A
114,327478.941481,TCGA-A2-A0CY,TCGA-A2-A0CY-01A
115,2929191.85707,TCGA-D8-A27R,TCGA-D8-A27R-01A
116,1303872.57964,TCGA-D8-A27E,TCGA-D8-A27E-01A
117,1045765.19238,TCGA-A2-A1FW,TCGA-A2-A1FW-01A
118,1193045.1203299998,TCGA-BH-A18U,TCGA-BH-A18U-11A
119,1137330.80465,TCGA-D8-A1Y0,TCGA-D8-A1Y0-01A
120,1400885.15106,TCGA-AR-A0U2,TCGA-AR-A0U2-01A
121,1293917.86384,TCGA-A2-A3KD,TCGA-A2-A3KD-01A
122,554366.304231,TCGA-BH-A0H5,TCGA-BH-A0H5-11A
123,1939979.81513,TCGA-E2-A1IG,TCGA-E2-A1IG-11A
124,920922.008286,TCGA-BH-A0EA,TCGA-BH-A0EA-01A
125,724967.923723,TCGA-BH-A0E7,TCGA-BH-A0E7-01A
126,232769.799142,TCGA-B6-A1KF,TCGA-B6-A1KF-01A
127,356040.857762,TCGA-BH-A0E1,TCGA-BH-A0E1-01A
128,2036379.00819,TCGA-D8-A1JD,TCGA-D8-A1JD-01A
129,126257.055883,TCGA-B6-A0WV,TCGA-B6-A0WV-01A
130,258459.152685,TCGA-A8-A06Y,TCGA-A8-A06Y-01A
131,1484749.22413,TCGA-D8-A1X8,TCGA-D8-A1X8-01A
132,775193.107731,TCGA-LL-A6FR,TCGA-LL-A6FR-01A
133,1023578.55441,TCGA-AO-A0J8,TCGA-AO-A0J8-01A
134,2058616.84747,TCGA-BH-A18L,TCGA-BH-A18L-11A
135,1808683.5561,TCGA-A8-A07C,TCGA-A8-A07C-01A
136,2208516.0429700003,TCGA-LL-A50Y,TCGA-LL-A50Y-01A
137,807451.396557,TCGA-D8-A1X7,TCGA-D8-A1X7-01A
138,1326696.77783,TCGA-BH-A204,TCGA-BH-A204-11A
139,703649.725095,TCGA-AR-A24L,TCGA-AR-A24L-01A
140,2007589.53757,TCGA-AO-A129,TCGA-AO-A129-01A
141,1008586.03973,TCGA-D8-A1JT,TCGA-D8-A1JT-01A
142,1707643.3740299996,TCGA-E2-A573,TCGA-E2-A573-01A
143,3124064.71216,TCGA-A7-A13H,TCGA-A7-A13H-01A
144,2770046.34143,TCGA-A2-A0CM,TCGA-A2-A0CM-01A
145,1385213.10145,TCGA-OL-A66J,TCGA-OL-A66J-01A
146,751281.149562,TCGA-EW-A1P6,TCGA-EW-A1P6-01A
147,842574.851133,TCGA-BH-A1ES,TCGA-BH-A1ES-06A
148,7159343.0744,TCGA-LL-A5YO,TCGA-LL-A5YO-01A
149,1826925.26748,TCGA-A7-A6VV,TCGA-A7-A6VV-01A
150,612641.666961,TCGA-B6-A0I6,TCGA-B6-A0I6-01A
151,380808.541665,TCGA-A8-A085,TCGA-A8-A085-01A
152,4658726.22714,TCGA-A8-A09X,TCGA-A8-A09X-01A
153,1225369.75944,TCGA-D8-A147,TCGA-D8-A147-01A
154,610485.40627,TCGA-A8-A07R,TCGA-A8-A07R-01A
155,2333093.27846,TCGA-EW-A1P5,TCGA-EW-A1P5-01A
156,913134.87446,TCGA-AO-A12G,TCGA-AO-A12G-01A
157,1626222.93083,TCGA-BH-A0BC,TCGA-BH-A0BC-11A
158,7985937.424210002,TCGA-A8-A08I,TCGA-A8-A08I-01A
159,3391861.49865,TCGA-D8-A27M,TCGA-D8-A27M-01A
160,698553.303175,TCGA-BH-A0C3,TCGA-BH-A0C3-11A
161,1518628.82606,TCGA-A1-A0SI,TCGA-A1-A0SI-01A
162,2240908.48453,TCGA-BH-A18V,TCGA-BH-A18V-01A
163,936531.467342,TCGA-BH-A1F0,TCGA-BH-A1F0-11B
164,527805.678883,TCGA-BH-A0H6,TCGA-BH-A0H6-01A
165,1375673.94611,TCGA-GM-A2DL,TCGA-GM-A2DL-01A
166,3406907.47292,TCGA-B6-A0I2,TCGA-B6-A0I2-01A
167,1622262.57355,TCGA-BH-A18G,TCGA-BH-A18G-01A
168,1300440.64149,TCGA-A8-A097,TCGA-A8-A097-01A
169,1237772.2091,TCGA-D8-A1XG,TCGA-D8-A1XG-01A
170,1146535.73715,TCGA-AO-A0JG,TCGA-AO-A0JG-01A
171,237807.574645,TCGA-E2-A1LS,TCGA-E2-A1LS-11A
172,2257379.87514,TCGA-BH-A0DI,TCGA-BH-A0DI-01A
173,609247.990308,TCGA-A2-A0SU,TCGA-A2-A0SU-01A
174,562387.97112,TCGA-E9-A249,TCGA-E9-A249-01A
175,3174360.98985,TCGA-A7-A3IY,TCGA-A7-A3IY-01A
176,460663.51133,TCGA-AN-A0XR,TCGA-AN-A0XR-01A
177,702160.880512,TCGA-E2-A107,TCGA-E2-A107-01A
178,1206904.65691,TCGA-A7-A3RF,TCGA-A7-A3RF-01A
179,75956.0693693,TCGA-A7-A13D,TCGA-A7-A13D-01A
180,1046360.11187,TCGA-EW-A1PD,TCGA-EW-A1PD-01A
181,9024286.53102,TCGA-A7-A0DB,TCGA-A7-A0DB-11A
182,6108901.23497,TCGA-EW-A6SB,TCGA-EW-A6SB-01A
183,814679.45466,TCGA-B6-A0RP,TCGA-B6-A0RP-01A
184,330656.053642,TCGA-E2-A1LS,TCGA-E2-A1LS-01A
185,1500351.69526,TCGA-AR-A1AP,TCGA-AR-A1AP-01A
186,3427159.00014,TCGA-AC-A3BB,TCGA-AC-A3BB-01A
187,1131728.62272,TCGA-BH-A0C1,TCGA-BH-A0C1-01B
188,396671.511585,TCGA-E9-A1RE,TCGA-E9-A1RE-01A
189,979293.061779,TCGA-A7-A3IZ,TCGA-A7-A3IZ-01A
190,929638.992886,TCGA-E2-A1IF,TCGA-E2-A1IF-01A
191,922156.452773,TCGA-E9-A2JS,TCGA-E9-A2JS-01A
192,2541306.95514,TCGA-AO-A1KQ,TCGA-AO-A1KQ-01A
193,1331085.54726,TCGA-A2-A25A,TCGA-A2-A25A-01A
194,375792.356473,TCGA-E9-A1R5,TCGA-E9-A1R5-01A
195,669992.17484,TCGA-B6-A0IP,TCGA-B6-A0IP-01A
196,12876067.0414,TCGA-E9-A1ND,TCGA-E9-A1ND-11A
197,1583067.36375,TCGA-BH-A18J,TCGA-BH-A18J-11A
198,402695.834873,TCGA-E9-A1N3,TCGA-E9-A1N3-01A
199,142324.087271,TCGA-AO-A1KP,TCGA-AO-A1KP-01A
200,1454804.1039,TCGA-BH-A0C3,TCGA-BH-A0C3-01A
201,1546261.51263,TCGA-EW-A1P7,TCGA-EW-A1P7-01A
202,1422751.48256,TCGA-AC-A7VC,TCGA-AC-A7VC-01A
203,2601245.5758,TCGA-AN-A0FT,TCGA-AN-A0FT-01A
204,1833164.54961,TCGA-A8-A09G,TCGA-A8-A09G-01A
205,2398086.78709,TCGA-A2-A0CX,TCGA-A2-A0CX-01A
206,1196021.02393,TCGA-AC-A3YI,TCGA-AC-A3YI-01A
207,747607.911439,TCGA-BH-A1FU,TCGA-BH-A1FU-11A
208,891601.528865,TCGA-C8-A130,TCGA-C8-A130-01A
209,778487.589796,TCGA-A8-A07F,TCGA-A8-A07F-01A
210,267914.31456,TCGA-A7-A26E,TCGA-A7-A26E-01B
211,5138017.2904699985,TCGA-BH-A0DL,TCGA-BH-A0DL-01A
212,1518400.41085,TCGA-AN-A049,TCGA-AN-A049-01A
213,910416.904927,TCGA-A2-A0CT,TCGA-A2-A0CT-01A
214,1091271.978,TCGA-BH-A18S,TCGA-BH-A18S-01A
215,577325.778059,TCGA-A7-A13E,TCGA-A7-A13E-01A
216,1011644.93087,TCGA-Z7-A8R6,TCGA-Z7-A8R6-01A
217,3134781.87235,TCGA-E9-A248,TCGA-E9-A248-01A
218,479205.366776,TCGA-B6-A0RO,TCGA-B6-A0RO-01A
219,1561661.13149,TCGA-A2-A0T0,TCGA-A2-A0T0-01A
220,2380721.11213,TCGA-AR-A24U,TCGA-AR-A24U-01A
221,903324.223248,TCGA-BH-A18L,TCGA-BH-A18L-01A
222,1853716.5061,TCGA-BH-A6R8,TCGA-BH-A6R8-01A
223,1124974.34819,TCGA-B6-A0WW,TCGA-B6-A0WW-01A
224,1913678.50291,TCGA-BH-A0B4,TCGA-BH-A0B4-01A
225,346424.843371,TCGA-E2-A1IE,TCGA-E2-A1IE-01A
226,791459.738628,TCGA-BH-A1FG,TCGA-BH-A1FG-11B
227,1583380.11761,TCGA-AO-A0JC,TCGA-AO-A0JC-01A
228,8174722.45919,TCGA-BH-A6R9,TCGA-BH-A6R9-01A
229,3280627.85256,TCGA-S3-AA17,TCGA-S3-AA17-01A
230,1144278.10575,TCGA-BH-A0AU,TCGA-BH-A0AU-01A
231,2875037.93538,TCGA-E2-A14R,TCGA-E2-A14R-01A
232,726152.450536,TCGA-D8-A27H,TCGA-D8-A27H-01A
233,2171953.0372200003,TCGA-E2-A15A,TCGA-E2-A15A-01A
234,1459102.51354,TCGA-C8-A12T,TCGA-C8-A12T-01A
235,1564929.55213,TCGA-E2-A1IJ,TCGA-E2-A1IJ-01A
236,1229628.76378,TCGA-BH-A1FJ,TCGA-BH-A1FJ-11B
237,579975.6314399999,TCGA-EW-A1P3,TCGA-EW-A1P3-01A
238,2180860.3498,TCGA-A2-A1FZ,TCGA-A2-A1FZ-01A
239,280228.536265,TCGA-E2-A14W,TCGA-E2-A14W-01A
240,1081372.60027,TCGA-S3-A6ZF,TCGA-S3-A6ZF-01A
241,1119914.08878,TCGA-B6-A0WS,TCGA-B6-A0WS-01A
242,3151977.38256,TCGA-A8-A0A1,TCGA-A8-A0A1-01A
243,462218.351515,TCGA-A7-A13G,TCGA-A7-A13G-01B
244,3419792.79819,TCGA-OL-A5D7,TCGA-OL-A5D7-01A
245,2953473.22817,TCGA-A2-A0EQ,TCGA-A2-A0EQ-01A
246,677363.303948,TCGA-B6-A0RQ,TCGA-B6-A0RQ-01A
247,822179.38903,TCGA-E9-A1N4,TCGA-E9-A1N4-01A
248,367644.814825,TCGA-BH-A0DV,TCGA-BH-A0DV-11A
249,1560418.69421,TCGA-A2-A3KC,TCGA-A2-A3KC-01A
250,317525.138035,TCGA-B6-A0X7,TCGA-B6-A0X7-01A
251,541770.556159,TCGA-B6-A0I8,TCGA-B6-A0I8-01A
252,645280.909958,TCGA-AR-A0TY,TCGA-AR-A0TY-01A
253,663824.469803,TCGA-A8-A07O,TCGA-A8-A07O-01A
254,958330.960256,TCGA-C8-A27A,TCGA-C8-A27A-01A
255,3202842.00264,TCGA-D8-A1JL,TCGA-D8-A1JL-01A
256,756933.572361,TCGA-A7-A5ZX,TCGA-A7-A5ZX-01A
257,1301999.17415,TCGA-4H-AAAK,TCGA-4H-AAAK-01A
258,744129.877112,TCGA-AC-A2BM,TCGA-AC-A2BM-01A
259,927940.997781,TCGA-C8-A273,TCGA-C8-A273-01A
260,575310.117678,TCGA-AN-A0FZ,TCGA-AN-A0FZ-01A
261,642921.550511,TCGA-A7-A13E,TCGA-A7-A13E-01A
262,345560.796749,TCGA-E2-A155,TCGA-E2-A155-01A
263,814878.607317,TCGA-B6-A1KN,TCGA-B6-A1KN-01A
264,260074.441625,TCGA-B6-A0X4,TCGA-B6-A0X4-01A
265,2811710.1734,TCGA-A8-A09R,TCGA-A8-A09R-01A
266,2131360.20756,TCGA-BH-A1FR,TCGA-BH-A1FR-01A
267,1661287.27685,TCGA-E2-A1AZ,TCGA-E2-A1AZ-01A
268,7297284.65646,TCGA-E9-A22D,TCGA-E9-A22D-01A
269,591791.3932439999,TCGA-AC-A23H,TCGA-AC-A23H-01A
270,500955.9380720001,TCGA-D8-A1XV,TCGA-D8-A1XV-01A
271,2526170.2401400004,TCGA-C8-A133,TCGA-C8-A133-01A
272,528264.993373,TCGA-E2-A1IL,TCGA-E2-A1IL-01A
273,2712952.35854,TCGA-LL-A5YL,TCGA-LL-A5YL-01A
274,3273623.62809,TCGA-GM-A3XL,TCGA-GM-A3XL-01A
275,5310328.90991,TCGA-LL-A440,TCGA-LL-A440-01A
276,3791050.60131,TCGA-E9-A1R4,TCGA-E9-A1R4-01A
277,501452.336845,TCGA-E2-A14Y,TCGA-E2-A14Y-01A
278,1009242.94696,TCGA-C8-A1HK,TCGA-C8-A1HK-01A
279,713252.7064220002,TCGA-OL-A5RV,TCGA-OL-A5RV-01A
280,369706.628062,TCGA-C8-A12Z,TCGA-C8-A12Z-01A
281,3972150.65767,TCGA-LL-A5YM,TCGA-LL-A5YM-01A
282,2785801.44248,TCGA-D8-A73W,TCGA-D8-A73W-01A
283,4074803.67505,TCGA-D8-A1Y2,TCGA-D8-A1Y2-01A
284,483584.106234,TCGA-B6-A2IU,TCGA-B6-A2IU-01A
285,665340.242715,TCGA-GM-A3NY,TCGA-GM-A3NY-01A
286,1630647.33881,TCGA-A8-A082,TCGA-A8-A082-01A
287,324158.168224,TCGA-BH-A0HA,TCGA-BH-A0HA-11A
288,1862726.19433,TCGA-E2-A15A,TCGA-E2-A15A-06A
289,509484.091046,TCGA-EW-A1PG,TCGA-EW-A1PG-01A
290,1243502.67595,TCGA-AN-A0AS,TCGA-AN-A0AS-01A
291,657330.351103,TCGA-C8-A131,TCGA-C8-A131-01A
292,2008116.23115,TCGA-AO-A0JA,TCGA-AO-A0JA-01A
293,1238638.45684,TCGA-E9-A3HO,TCGA-E9-A3HO-01A
294,570479.923296,TCGA-5T-A9QA,TCGA-5T-A9QA-01A
295,1693196.00534,TCGA-E2-A14T,TCGA-E2-A14T-01A
296,968593.807515,TCGA-BH-A0DH,TCGA-BH-A0DH-01A
297,731090.040071,TCGA-GM-A3XG,TCGA-GM-A3XG-01A
298,608537.631871,TCGA-BH-A1ET,TCGA-BH-A1ET-01A
299,799951.999295,TCGA-AC-A6IX,TCGA-AC-A6IX-06A
300,2308439.82542,TCGA-A7-A5ZV,TCGA-A7-A5ZV-01A
301,2170040.06787,TCGA-A8-A07I,TCGA-A8-A07I-01A
302,3025740.71405,TCGA-A7-A0DB,TCGA-A7-A0DB-01A
303,1667420.8034700004,TCGA-BH-A0HP,TCGA-BH-A0HP-01A
304,1312489.76369,TCGA-AN-A0FK,TCGA-AN-A0FK-01A
305,1414032.59235,TCGA-BH-A0DS,TCGA-BH-A0DS-01A
306,2002862.63092,TCGA-A8-A08L,TCGA-A8-A08L-01A
307,1669168.31269,TCGA-A2-A0D0,TCGA-A2-A0D0-01A
308,525606.4914899999,TCGA-BH-A0AZ,TCGA-BH-A0AZ-11A
309,2506932.3381,TCGA-A8-A07W,TCGA-A8-A07W-01A
310,1572518.85216,TCGA-E2-A152,TCGA-E2-A152-01A
311,1498337.6832,TCGA-A8-A076,TCGA-A8-A076-01A
312,1991878.94158,TCGA-A8-A075,TCGA-A8-A075-01A
313,832249.543055,TCGA-A7-A0CH,TCGA-A7-A0CH-01A
314,562796.104531,TCGA-BH-A1EW,TCGA-BH-A1EW-11B
315,692636.409175,TCGA-A2-A259,TCGA-A2-A259-01A
316,600008.4602,TCGA-AC-A2FG,TCGA-AC-A2FG-01A
317,1507555.39854,TCGA-BH-A18H,TCGA-BH-A18H-01A
318,627065.086778,TCGA-BH-A0GZ,TCGA-BH-A0GZ-01A
319,237613.729181,TCGA-B6-A0IB,TCGA-B6-A0IB-01A
320,1361798.17039,TCGA-AO-A0JD,TCGA-AO-A0JD-01A
321,2366203.56063,TCGA-A2-A0CO,TCGA-A2-A0CO-01A
322,1305854.68049,TCGA-BH-A1EN,TCGA-BH-A1EN-01A
323,2438937.60751,TCGA-C8-A12U,TCGA-C8-A12U-01A
324,616642.659562,TCGA-AO-A0JL,TCGA-AO-A0JL-01A
325,945586.262295,TCGA-BH-A0HI,TCGA-BH-A0HI-01A
326,1148456.17019,TCGA-A2-A4RY,TCGA-A2-A4RY-01A
327,318973.23959,TCGA-AR-A1AH,TCGA-AR-A1AH-01A
328,801343.260474,TCGA-BH-A5IZ,TCGA-BH-A5IZ-01A
329,1371087.97474,TCGA-E2-A1IG,TCGA-E2-A1IG-01A
330,1165250.4920299998,TCGA-B6-A0WX,TCGA-B6-A0WX-01A
331,728649.51403,TCGA-EW-A1P0,TCGA-EW-A1P0-01A
332,496650.790077,TCGA-E2-A15J,TCGA-E2-A15J-01A
333,958648.197373,TCGA-GM-A2D9,TCGA-GM-A2D9-01A
334,255361.944817,TCGA-E2-A15R,TCGA-E2-A15R-01A
335,946089.529149,TCGA-E2-A576,TCGA-E2-A576-01A
336,1319571.00633,TCGA-AC-A8OR,TCGA-AC-A8OR-01A
337,444500.040538,TCGA-BH-A0EI,TCGA-BH-A0EI-01A
338,1611845.0641100004,TCGA-E9-A1N5,TCGA-E9-A1N5-01A
339,2404497.41427,TCGA-D8-A1JB,TCGA-D8-A1JB-01A
340,1158332.74048,TCGA-E2-A10B,TCGA-E2-A10B-01A
341,2610939.18574,TCGA-AR-A250,TCGA-AR-A250-01A
342,8159112.583439998,TCGA-A2-A25F,TCGA-A2-A25F-01A
343,2292824.13144,TCGA-D8-A27W,TCGA-D8-A27W-01A
344,1891944.89888,TCGA-BH-A8FZ,TCGA-BH-A8FZ-01A
345,820237.351655,TCGA-D8-A145,TCGA-D8-A145-01A
346,650251.172486,TCGA-D8-A27V,TCGA-D8-A27V-01A
347,632404.666568,TCGA-BH-A0BT,TCGA-BH-A0BT-11A
348,2454532.7327400004,TCGA-EW-A1J5,TCGA-EW-A1J5-01A
349,928427.884746,TCGA-A1-A0SH,TCGA-A1-A0SH-01A
350,2847649.91215,TCGA-A7-A425,TCGA-A7-A425-01A
351,855916.0277069998,TCGA-AR-A24M,TCGA-AR-A24M-01A
352,840637.255855,TCGA-A2-A04N,TCGA-A2-A04N-01A
353,792655.859557,TCGA-A8-A09T,TCGA-A8-A09T-01A
354,479097.060119,TCGA-JL-A3YX,TCGA-JL-A3YX-01A
355,1130553.83791,TCGA-A2-A0YD,TCGA-A2-A0YD-01A
356,1995367.98205,TCGA-BH-A0HK,TCGA-BH-A0HK-11A
357,4391570.01513,TCGA-C8-A278,TCGA-C8-A278-01A
358,652894.7281180001,TCGA-BH-A18R,TCGA-BH-A18R-01A
359,895380.2850200002,TCGA-A7-A13F,TCGA-A7-A13F-01A
360,1593814.82253,TCGA-AQ-A54N,TCGA-AQ-A54N-01A
361,1898457.16973,TCGA-BH-A0BA,TCGA-BH-A0BA-11A
362,697718.060272,TCGA-B6-A0IO,TCGA-B6-A0IO-01A
363,2075070.86187,TCGA-D8-A142,TCGA-D8-A142-01A
364,625103.186447,TCGA-BH-A0DT,TCGA-BH-A0DT-01A
365,592716.993856,TCGA-AR-A2LE,TCGA-AR-A2LE-01A
366,3337521.55335,TCGA-BH-A1FR,TCGA-BH-A1FR-11B
367,804356.480496,TCGA-E9-A1N5,TCGA-E9-A1N5-11A
368,1346531.28736,TCGA-B6-A40C,TCGA-B6-A40C-01A
369,819713.642642,TCGA-AQ-A04L,TCGA-AQ-A04L-01B
370,709533.189395,TCGA-BH-A0C7,TCGA-BH-A0C7-01B
371,940117.554733,TCGA-A8-A07B,TCGA-A8-A07B-01A
372,2586626.1215,TCGA-A2-A4S2,TCGA-A2-A4S2-01A
373,459728.98925100005,TCGA-E2-A15P,TCGA-E2-A15P-01A
374,1027670.8283,TCGA-BH-A0B0,TCGA-BH-A0B0-01A
375,838222.967309,TCGA-OL-A66K,TCGA-OL-A66K-01A
376,2214902.78913,TCGA-GM-A2DF,TCGA-GM-A2DF-01A
377,10038170.5878,TCGA-A2-A4S1,TCGA-A2-A4S1-01A
378,2558522.21178,TCGA-AC-A2FM,TCGA-AC-A2FM-11B
379,463800.203996,TCGA-OL-A66O,TCGA-OL-A66O-01A
380,31498.5537473,TCGA-A7-A13D,TCGA-A7-A13D-01B
381,2073525.89904,TCGA-AQ-A54O,TCGA-AQ-A54O-01A
382,1675881.96622,TCGA-A7-A13G,TCGA-A7-A13G-11A
383,1587639.438,TCGA-EW-A1IY,TCGA-EW-A1IY-01A
384,4545000.39536,TCGA-BH-A0BF,TCGA-BH-A0BF-01A
385,390631.92044,TCGA-BH-A1FJ,TCGA-BH-A1FJ-01A
386,1865576.41985,TCGA-E2-A1IH,TCGA-E2-A1IH-01A
387,3895446.80254,TCGA-A7-A0CE,TCGA-A7-A0CE-11A
388,2019142.81345,TCGA-D8-A1J9,TCGA-D8-A1J9-01A
389,4093086.64908,TCGA-GM-A4E0,TCGA-GM-A4E0-01A
390,407195.080173,TCGA-D8-A1JM,TCGA-D8-A1JM-01A
391,390728.635209,TCGA-E2-A14O,TCGA-E2-A14O-01A
392,939683.346532,TCGA-BH-A0W3,TCGA-BH-A0W3-01A
393,637085.713182,TCGA-A2-A4RX,TCGA-A2-A4RX-01A
394,708306.808844,TCGA-AN-A0FX,TCGA-AN-A0FX-01A
395,2948165.35084,TCGA-EW-A1PE,TCGA-EW-A1PE-01A
396,1988505.24105,TCGA-AC-A3HN,TCGA-AC-A3HN-01A
397,255638.316093,TCGA-AC-A62X,TCGA-AC-A62X-01A
398,3558634.34041,TCGA-E9-A1NA,TCGA-E9-A1NA-11A
399,1918585.67241,TCGA-BH-A18N,TCGA-BH-A18N-11A
400,1322384.25773,TCGA-D8-A1JC,TCGA-D8-A1JC-01A
401,598633.415552,TCGA-B6-A0RU,TCGA-B6-A0RU-01A
402,841436.626763,TCGA-EW-A1OW,TCGA-EW-A1OW-01A
403,1829773.31957,TCGA-AC-A23G,TCGA-AC-A23G-01A
404,284844.751074,TCGA-A1-A0SB,TCGA-A1-A0SB-01A
405,170223.280779,TCGA-E9-A54X,TCGA-E9-A54X-01A
406,692059.6537029999,TCGA-E2-A153,TCGA-E2-A153-11A
407,391400.802979,TCGA-BH-A18R,TCGA-BH-A18R-11A
408,7207814.21248,TCGA-E9-A1NF,TCGA-E9-A1NF-11A
409,671432.51588,TCGA-BH-A0DQ,TCGA-BH-A0DQ-11A
410,949460.550461,TCGA-D8-A1XC,TCGA-D8-A1XC-01A
411,2264978.89312,TCGA-EW-A1P1,TCGA-EW-A1P1-01A
412,1362728.8445700002,TCGA-BH-A18S,TCGA-BH-A18S-11A
413,650096.047977,TCGA-D8-A27F,TCGA-D8-A27F-01A
414,809033.204531,TCGA-E9-A295,TCGA-E9-A295-01A
415,1016006.02546,TCGA-A7-A26J,TCGA-A7-A26J-01A
416,1507840.15593,TCGA-A2-A0T2,TCGA-A2-A0T2-01A
417,618473.548883,TCGA-AO-A1KO,TCGA-AO-A1KO-01A
418,2164947.75133,TCGA-E9-A229,TCGA-E9-A229-01A
419,433096.838541,TCGA-E9-A22G,TCGA-E9-A22G-01A
420,839760.169012,TCGA-BH-A0E9,TCGA-BH-A0E9-01B
421,1212592.91477,TCGA-BH-A0DQ,TCGA-BH-A0DQ-01A
422,6800693.276930002,TCGA-EW-A3U0,TCGA-EW-A3U0-01A
423,777494.048022,TCGA-WT-AB44,TCGA-WT-AB44-01A
424,890366.352502,TCGA-B6-A0RI,TCGA-B6-A0RI-01A
425,1281380.26645,TCGA-D8-A1X9,TCGA-D8-A1X9-01A
426,1341677.89868,TCGA-GM-A2DA,TCGA-GM-A2DA-01A
427,4187617.8656,TCGA-A8-A09Q,TCGA-A8-A09Q-01A
428,1442009.6599,TCGA-AC-A3OD,TCGA-AC-A3OD-01B
429,3612383.84627,TCGA-AC-A3QP,TCGA-AC-A3QP-01A
430,1830874.49111,TCGA-A2-A0CQ,TCGA-A2-A0CQ-01A
431,1847883.53433,TCGA-E9-A22E,TCGA-E9-A22E-01A
432,413350.592605,TCGA-B6-A0IG,TCGA-B6-A0IG-01A
433,475230.530742,TCGA-A7-A4SB,TCGA-A7-A4SB-01A
434,1659749.45018,TCGA-A2-A1FX,TCGA-A2-A1FX-01A
435,24126548.1862,TCGA-AC-A6IW,TCGA-AC-A6IW-01A
436,269083.59773800004,TCGA-B6-A0IA,TCGA-B6-A0IA-01A
437,128238.791922,TCGA-B6-A0RL,TCGA-B6-A0RL-01A
438,521326.22673100006,TCGA-AR-A24N,TCGA-AR-A24N-01A
439,2120069.7910700003,TCGA-EW-A1P4,TCGA-EW-A1P4-01A
440,6597473.25463,TCGA-E2-A108,TCGA-E2-A108-01A
441,1556888.11992,TCGA-BH-A18Q,TCGA-BH-A18Q-01A
442,511441.044762,TCGA-BH-A0E0,TCGA-BH-A0E0-01A
443,1270885.5775799998,TCGA-AR-A1AS,TCGA-AR-A1AS-01A
444,678956.142471,TCGA-EW-A2FS,TCGA-EW-A2FS-01A
445,844475.5021729999,TCGA-D8-A1XS,TCGA-D8-A1XS-01A
446,296611.221614,TCGA-AC-A7VB,TCGA-AC-A7VB-01A
447,731828.947302,TCGA-GM-A5PX,TCGA-GM-A5PX-01A
448,1785201.2229400002,TCGA-A2-A4S3,TCGA-A2-A4S3-01A
449,451099.358914,TCGA-AR-A0TR,TCGA-AR-A0TR-01A
450,534068.990028,TCGA-OL-A6VR,TCGA-OL-A6VR-01A
451,669565.383927,TCGA-AC-A2FK,TCGA-AC-A2FK-01A
452,943106.779737,TCGA-BH-A1EW,TCGA-BH-A1EW-01A
453,369784.993924,TCGA-A2-A0EU,TCGA-A2-A0EU-01A
454,737019.619172,TCGA-AN-A0XL,TCGA-AN-A0XL-01A
455,951696.840514,TCGA-AN-A0AT,TCGA-AN-A0AT-01A
456,336138.34770700004,TCGA-AN-A04D,TCGA-AN-A04D-01A
457,1907113.04301,TCGA-A1-A0SP,TCGA-A1-A0SP-01A
458,223608.07817800003,TCGA-E9-A1R7,TCGA-E9-A1R7-01A
459,4036034.69225,TCGA-A2-A25D,TCGA-A2-A25D-01A
460,4009564.86395,TCGA-AR-A1AK,TCGA-AR-A1AK-01A
461,590630.217771,TCGA-AQ-A1H3,TCGA-AQ-A1H3-01A
462,236458.201028,TCGA-E2-A14V,TCGA-E2-A14V-01A
463,1254748.63876,TCGA-V7-A7HQ,TCGA-V7-A7HQ-01A
464,549471.417301,TCGA-E9-A1RA,TCGA-E9-A1RA-01A
465,499158.72159300005,TCGA-BH-A0B1,TCGA-BH-A0B1-01A
466,812421.529473,TCGA-BH-A0DG,TCGA-BH-A0DG-11A
467,914474.10672,TCGA-A8-A086,TCGA-A8-A086-01A
468,857947.856518,TCGA-E2-A15E,TCGA-E2-A15E-06A
469,2213379.24925,TCGA-E2-A1IK,TCGA-E2-A1IK-01A
470,4858740.02623,TCGA-PE-A5DE,TCGA-PE-A5DE-01A
471,355115.612715,TCGA-A1-A0SE,TCGA-A1-A0SE-01A
472,978553.716285,TCGA-AO-A0J4,TCGA-AO-A0J4-01A
473,530918.17614,TCGA-BH-A1FM,TCGA-BH-A1FM-01A
474,402318.849489,TCGA-BH-A0DK,TCGA-BH-A0DK-11A
475,466076.237295,TCGA-A2-A0ER,TCGA-A2-A0ER-01A
476,3871372.66262,TCGA-AO-A03M,TCGA-AO-A03M-01B
477,528258.584723,TCGA-E2-A15C,TCGA-E2-A15C-01A
478,1225302.39952,TCGA-BH-A0AZ,TCGA-BH-A0AZ-01A
479,10107813.0516,TCGA-LL-A7SZ,TCGA-LL-A7SZ-01A
480,937214.537935,TCGA-AC-A4ZE,TCGA-AC-A4ZE-01A
481,3530929.65191,TCGA-BH-A1FH,TCGA-BH-A1FH-11B
482,344651.34033800004,TCGA-A2-A1FV,TCGA-A2-A1FV-01A
483,264267.717214,TCGA-E2-A1LB,TCGA-E2-A1LB-11A
484,865926.01621,TCGA-A7-A26H,TCGA-A7-A26H-01A
485,536697.119063,TCGA-E9-A1N8,TCGA-E9-A1N8-01A
486,936679.081979,TCGA-E2-A1BC,TCGA-E2-A1BC-11A
487,1722123.2895900004,TCGA-A7-A3J0,TCGA-A7-A3J0-01A
488,916033.583661,TCGA-BH-A0DD,TCGA-BH-A0DD-01A
489,2680584.24366,TCGA-A8-A06X,TCGA-A8-A06X-01A
490,1727094.9400099998,TCGA-OL-A66N,TCGA-OL-A66N-01A
491,560395.366931,TCGA-A7-A0CE,TCGA-A7-A0CE-01A
492,1094548.3551,TCGA-A8-A09A,TCGA-A8-A09A-01A
493,435881.420266,TCGA-BH-A18Q,TCGA-BH-A18Q-11A
494,3873663.55897,TCGA-OL-A5RW,TCGA-OL-A5RW-01A
495,1977508.74321,TCGA-E2-A1B1,TCGA-E2-A1B1-01A
496,1575161.1429700004,TCGA-A2-A0D2,TCGA-A2-A0D2-01A
497,604216.412705,TCGA-A2-A0CU,TCGA-A2-A0CU-01A
498,3790673.94189,TCGA-LL-A5YN,TCGA-LL-A5YN-01A
499,1531751.14826,TCGA-AO-A0J2,TCGA-AO-A0J2-01A
500,1129111.69099,TCGA-C8-A26V,TCGA-C8-A26V-01A
501,968665.774204,TCGA-E9-A1NH,TCGA-E9-A1NH-01A
502,5308081.12771,TCGA-OL-A66H,TCGA-OL-A66H-01A
503,1362111.32969,TCGA-A8-A06O,TCGA-A8-A06O-01A
504,392028.567825,TCGA-EW-A424,TCGA-EW-A424-01A
505,1075797.3589,TCGA-A2-A04U,TCGA-A2-A04U-01A
506,947494.748482,TCGA-B6-A0RH,TCGA-B6-A0RH-01A
507,1532712.63772,TCGA-BH-A0DH,TCGA-BH-A0DH-11A
508,206755.339804,TCGA-AC-A2QH,TCGA-AC-A2QH-01B
509,4223677.00681,TCGA-BH-A0DX,TCGA-BH-A0DX-01A
510,1170128.20865,TCGA-BH-AB28,TCGA-BH-AB28-01A
511,1489374.76023,TCGA-BH-A0B3,TCGA-BH-A0B3-11B
512,4717126.60884,TCGA-E2-A15K,TCGA-E2-A15K-11A
513,802205.790658,TCGA-D8-A27K,TCGA-D8-A27K-01A
514,2111524.81077,TCGA-C8-A12P,TCGA-C8-A12P-01A
515,764795.429231,TCGA-E9-A1N4,TCGA-E9-A1N4-11A
516,896955.709756,TCGA-D8-A1XY,TCGA-D8-A1XY-01A
517,2329544.73433,TCGA-D8-A1J8,TCGA-D8-A1J8-01A
518,1264147.76615,TCGA-A7-A26I,TCGA-A7-A26I-01B
519,2795740.54228,TCGA-LL-A9Q3,TCGA-LL-A9Q3-01A
520,4743778.98763,TCGA-A8-A07U,TCGA-A8-A07U-01A
521,1067378.50993,TCGA-D8-A27L,TCGA-D8-A27L-01A
522,877789.5500950002,TCGA-BH-A1FM,TCGA-BH-A1FM-11B
523,473684.072977,TCGA-AN-A0FL,TCGA-AN-A0FL-01A
524,1015818.67661,TCGA-AC-A3TN,TCGA-AC-A3TN-01A
525,2162772.18736,TCGA-E9-A1RD,TCGA-E9-A1RD-11A
526,3505702.81595,TCGA-Z7-A8R5,TCGA-Z7-A8R5-01A
527,868511.0227440002,TCGA-A2-A0CP,TCGA-A2-A0CP-01A
528,213404.688624,TCGA-AO-A125,TCGA-AO-A125-01A
529,1375710.53268,TCGA-A7-A26J,TCGA-A7-A26J-01A
530,1769310.20577,TCGA-E9-A1RB,TCGA-E9-A1RB-11A
531,2620797.61912,TCGA-C8-A8HQ,TCGA-C8-A8HQ-01A
532,880317.170923,TCGA-OL-A6VO,TCGA-OL-A6VO-01A
533,10729005.8924,TCGA-E9-A1ND,TCGA-E9-A1ND-01A
534,92515.6158865,TCGA-A7-A13D,TCGA-A7-A13D-01A
535,2737311.39126,TCGA-C8-A138,TCGA-C8-A138-01A
536,1368192.49874,TCGA-E9-A1RG,TCGA-E9-A1RG-01A
537,1532038.14886,TCGA-BH-A0DE,TCGA-BH-A0DE-01A
538,1035238.78152,TCGA-AO-A03T,TCGA-AO-A03T-01A
539,1044932.47546,TCGA-A7-A4SF,TCGA-A7-A4SF-01A
540,5528928.492269998,TCGA-C8-A1HM,TCGA-C8-A1HM-01A
541,346538.059552,TCGA-EW-A1PH,TCGA-EW-A1PH-01A
542,1758363.679,TCGA-B6-A0WY,TCGA-B6-A0WY-01A
543,2676176.49275,TCGA-E9-A1RF,TCGA-E9-A1RF-01A
544,1801209.8839599998,TCGA-E9-A5FL,TCGA-E9-A5FL-01A
545,562239.634376,TCGA-E2-A1LG,TCGA-E2-A1LG-01A
546,1806347.39222,TCGA-AR-A24H,TCGA-AR-A24H-01A
547,4490792.4013,TCGA-AR-A1AQ,TCGA-AR-A1AQ-01A
548,469915.78844,TCGA-BH-A0DT,TCGA-BH-A0DT-11A
549,319054.567856,TCGA-B6-A0RN,TCGA-B6-A0RN-01A
550,3258747.08108,TCGA-AC-A3YJ,TCGA-AC-A3YJ-01A
551,1467116.82762,TCGA-A2-A0SX,TCGA-A2-A0SX-01A
552,1067872.91489,TCGA-B6-A0RE,TCGA-B6-A0RE-01A
553,1844122.71317,TCGA-D8-A13Z,TCGA-D8-A13Z-01A
554,1410872.57519,TCGA-AN-A0XU,TCGA-AN-A0XU-01A
555,529064.7645439999,TCGA-E2-A10E,TCGA-E2-A10E-01A
556,4903849.987369998,TCGA-AO-A0J9,TCGA-AO-A0J9-01A
557,755034.711235,TCGA-AR-A24P,TCGA-AR-A24P-01A
558,683361.890749,TCGA-E2-A1LH,TCGA-E2-A1LH-11A
559,1566782.56788,TCGA-B6-A0I9,TCGA-B6-A0I9-01A
560,1048240.74859,TCGA-GM-A2DB,TCGA-GM-A2DB-01A
561,2647531.19247,TCGA-A2-A04Y,TCGA-A2-A04Y-01A
562,1137599.49057,TCGA-BH-A0BP,TCGA-BH-A0BP-01A
563,838217.726505,TCGA-AO-A12C,TCGA-AO-A12C-01A
564,332396.520973,TCGA-AO-A124,TCGA-AO-A124-01A
565,546533.416615,TCGA-OL-A6VQ,TCGA-OL-A6VQ-01A
566,4658929.76456,TCGA-BH-A0H5,TCGA-BH-A0H5-01A
567,1833066.18103,TCGA-GM-A2DO,TCGA-GM-A2DO-01A
568,2467266.02881,TCGA-D8-A1JG,TCGA-D8-A1JG-01B
569,3296550.76688,TCGA-A2-A04T,TCGA-A2-A04T-01A
570,3016333.14851,TCGA-E9-A1NE,TCGA-E9-A1NE-01A
571,707638.151042,TCGA-C8-A12Y,TCGA-C8-A12Y-01A
572,685526.285542,TCGA-BH-A0H3,TCGA-BH-A0H3-01A
573,286995.078825,TCGA-E2-A15S,TCGA-E2-A15S-01A
574,2765110.72241,TCGA-OL-A97C,TCGA-OL-A97C-01A
575,1803466.77039,TCGA-AC-A3EH,TCGA-AC-A3EH-01A
576,849865.301114,TCGA-BH-A0BT,TCGA-BH-A0BT-01A
577,541457.25485,TCGA-A8-A07L,TCGA-A8-A07L-01A
578,5265877.85955,TCGA-BH-A1F6,TCGA-BH-A1F6-01A
579,2861738.4885,TCGA-BH-A0W7,TCGA-BH-A0W7-01A
580,1025575.78901,TCGA-A8-A09N,TCGA-A8-A09N-01A
581,968265.245903,TCGA-BH-A1EV,TCGA-BH-A1EV-01A
582,733510.137158,TCGA-AN-A0FS,TCGA-AN-A0FS-01A
583,4225682.93695,TCGA-E2-A1L7,TCGA-E2-A1L7-11A
584,479130.92292,TCGA-E2-A15O,TCGA-E2-A15O-01A
585,1701797.75351,TCGA-BH-A208,TCGA-BH-A208-01A
586,2916718.71747,TCGA-AC-A2QI,TCGA-AC-A2QI-01A
587,1009976.56281,TCGA-D8-A1XJ,TCGA-D8-A1XJ-01A
588,3003807.62865,TCGA-B6-A0X1,TCGA-B6-A0X1-01A
589,4604578.27893,TCGA-E9-A3QA,TCGA-E9-A3QA-01A
590,828399.901208,TCGA-A2-A0YG,TCGA-A2-A0YG-01A
591,300113.832956,TCGA-B6-A1KI,TCGA-B6-A1KI-01A
592,1951371.31445,TCGA-AC-A2FF,TCGA-AC-A2FF-11A
593,667058.816395,TCGA-E2-A15E,TCGA-E2-A15E-01A
594,2982559.71136,TCGA-B6-A408,TCGA-B6-A408-01A
595,685198.857008,TCGA-BH-A28O,TCGA-BH-A28O-01A
596,263786.218698,TCGA-B6-A0I1,TCGA-B6-A0I1-01A
597,2147247.82909,TCGA-B6-A400,TCGA-B6-A400-01A
598,742022.5011529998,TCGA-BH-A0BM,TCGA-BH-A0BM-11A
599,2179214.06211,TCGA-AO-A0JB,TCGA-AO-A0JB-01A
600,1928687.63763,TCGA-BH-A0HA,TCGA-BH-A0HA-01A
601,1575928.6854,TCGA-E2-A10C,TCGA-E2-A10C-01A
602,1458141.7644,TCGA-A2-A0CS,TCGA-A2-A0CS-01A
603,4112982.12165,TCGA-AR-A1AT,TCGA-AR-A1AT-01A
604,1584390.59126,TCGA-E9-A1N6,TCGA-E9-A1N6-01A
605,2045472.0089,TCGA-BH-A1EU,TCGA-BH-A1EU-01A
606,852408.4212069998,TCGA-AR-A1AN,TCGA-AR-A1AN-01A
607,5450611.690780002,TCGA-A2-A0CR,TCGA-A2-A0CR-01A
608,1286686.14624,TCGA-EW-A6S9,TCGA-EW-A6S9-01A
609,875668.784838,TCGA-LQ-A4E4,TCGA-LQ-A4E4-01A
610,848046.093864,TCGA-A2-A25C,TCGA-A2-A25C-01A
611,947901.9342,TCGA-D8-A143,TCGA-D8-A143-01A
612,1002769.60686,TCGA-A2-A04W,TCGA-A2-A04W-01A
613,2100838.11932,TCGA-BH-A0BR,TCGA-BH-A0BR-01A
614,1276365.52565,TCGA-S3-A6ZG,TCGA-S3-A6ZG-01A
615,433991.227071,TCGA-W8-A86G,TCGA-W8-A86G-01A
616,584273.466072,TCGA-BH-A1FL,TCGA-BH-A1FL-01A
617,1652193.18571,TCGA-BH-A8G0,TCGA-BH-A8G0-01A
618,434675.377813,TCGA-BH-A0HY,TCGA-BH-A0HY-01A
619,906938.448882,TCGA-E2-A14P,TCGA-E2-A14P-01A
620,3108182.4364,TCGA-E9-A1R7,TCGA-E9-A1R7-11A
621,1922297.5728,TCGA-A8-A08G,TCGA-A8-A08G-01A
622,2119655.74052,TCGA-A7-A13F,TCGA-A7-A13F-11A
623,593596.909182,TCGA-A2-A0YE,TCGA-A2-A0YE-01A
624,1289470.2606,TCGA-D8-A1JA,TCGA-D8-A1JA-01A
625,638196.181022,TCGA-AC-A3W7,TCGA-AC-A3W7-01A
626,619301.3219430001,TCGA-BH-A0E0,TCGA-BH-A0E0-11A
627,2589737.0981900003,TCGA-A8-A08Z,TCGA-A8-A08Z-01A
628,423672.988904,TCGA-BH-A0E1,TCGA-BH-A0E1-11A
629,3764913.23183,TCGA-E9-A1RF,TCGA-E9-A1RF-11A
630,273478.05741300003,TCGA-B6-A0WZ,TCGA-B6-A0WZ-01A
631,1506129.06589,TCGA-A2-A4RW,TCGA-A2-A4RW-01A
632,436337.25756800006,TCGA-E2-A156,TCGA-E2-A156-01A
633,2348322.28931,TCGA-A2-A1G1,TCGA-A2-A1G1-01A
634,882639.858116,TCGA-A8-A095,TCGA-A8-A095-01A
635,1039834.97618,TCGA-BH-A1FE,TCGA-BH-A1FE-01A
636,1353459.7756,TCGA-GM-A2DH,TCGA-GM-A2DH-01A
637,2776398.15277,TCGA-A7-A4SD,TCGA-A7-A4SD-01A
638,1301585.75408,TCGA-A7-A26E,TCGA-A7-A26E-01A
639,3469136.24408,TCGA-E2-A1L7,TCGA-E2-A1L7-01A
640,5606911.16146,TCGA-AO-A03U,TCGA-AO-A03U-01B
641,338695.64226,TCGA-E9-A1RH,TCGA-E9-A1RH-01A
642,1395824.7283100002,TCGA-BH-A0H9,TCGA-BH-A0H9-11A
643,840588.903516,TCGA-BH-A1ET,TCGA-BH-A1ET-11B
644,1664209.1517299996,TCGA-AO-A126,TCGA-AO-A126-01A
645,2515649.66285,TCGA-B6-A0IN,TCGA-B6-A0IN-01A
646,1580318.9783,TCGA-C8-A26W,TCGA-C8-A26W-01A
647,1102498.29627,TCGA-E9-A1NI,TCGA-E9-A1NI-01A
648,1176499.2453299998,TCGA-D8-A1XO,TCGA-D8-A1XO-01A
649,1381850.3984299998,TCGA-E9-A22H,TCGA-E9-A22H-01A
650,1556772.27164,TCGA-A8-A0A2,TCGA-A8-A0A2-01A
651,515050.141783,TCGA-E9-A247,TCGA-E9-A247-01A
652,1505451.91084,TCGA-A8-A079,TCGA-A8-A079-01A
653,1509110.26959,TCGA-AR-A5QM,TCGA-AR-A5QM-01A
654,2186367.77801,TCGA-BH-A1FE,TCGA-BH-A1FE-06A
655,1178759.21415,TCGA-A2-A0CW,TCGA-A2-A0CW-01A
656,1591774.58154,TCGA-BH-A18I,TCGA-BH-A18I-01A
657,468179.292341,TCGA-E2-A14Q,TCGA-E2-A14Q-01A
658,616218.1589609999,TCGA-E2-A15D,TCGA-E2-A15D-01A
659,1996854.03287,TCGA-D8-A27T,TCGA-D8-A27T-01A
660,2766701.38603,TCGA-BH-A0BW,TCGA-BH-A0BW-01A
661,858752.730815,TCGA-E2-A1LB,TCGA-E2-A1LB-01A
662,2430346.8613,TCGA-EW-A6SD,TCGA-EW-A6SD-01A
663,1252259.37329,TCGA-AC-A8OS,TCGA-AC-A8OS-01A
664,865986.224077,TCGA-A2-A25E,TCGA-A2-A25E-01A
665,255327.223154,TCGA-A2-A04R,TCGA-A2-A04R-01A
666,3788461.35738,TCGA-OL-A5S0,TCGA-OL-A5S0-01A
667,1369756.2419200002,TCGA-C8-A12Q,TCGA-C8-A12Q-01A
668,1139175.7027200002,TCGA-BH-A0BO,TCGA-BH-A0BO-01A
669,1791256.48246,TCGA-BH-A1FC,TCGA-BH-A1FC-11A
670,341581.212254,TCGA-BH-A1ES,TCGA-BH-A1ES-01A
671,1000031.41755,TCGA-B6-A1KC,TCGA-B6-A1KC-01B
672,1126149.15246,TCGA-D8-A1JJ,TCGA-D8-A1JJ-01A
673,1322728.8106,TCGA-AR-A1AM,TCGA-AR-A1AM-01A
674,364757.351147,TCGA-E2-A15F,TCGA-E2-A15F-01A
675,4435073.383,TCGA-A2-A3XT,TCGA-A2-A3XT-01A
676,575135.589761,TCGA-A8-A08O,TCGA-A8-A08O-01A
677,2831892.38126,TCGA-E9-A22A,TCGA-E9-A22A-01A
678,594983.204724,TCGA-BH-A0EE,TCGA-BH-A0EE-01A
679,4342282.77231,TCGA-AR-A1AW,TCGA-AR-A1AW-01A
680,3145509.04121,TCGA-BH-A1FC,TCGA-BH-A1FC-01A
681,1362068.58973,TCGA-E2-A1B5,TCGA-E2-A1B5-01A
682,1410362.61108,TCGA-BH-A1FB,TCGA-BH-A1FB-01A
683,565906.358429,TCGA-S3-AA12,TCGA-S3-AA12-01A
684,965824.81221,TCGA-A2-A0YL,TCGA-A2-A0YL-01A
685,1990285.71766,TCGA-A8-A090,TCGA-A8-A090-01A
686,3811649.62146,TCGA-OL-A66L,TCGA-OL-A66L-01A
687,4102118.98865,TCGA-A8-A096,TCGA-A8-A096-01A
688,1433980.01893,TCGA-A2-A1G6,TCGA-A2-A1G6-01A
689,449821.530948,TCGA-BH-A0W4,TCGA-BH-A0W4-01A
690,1137672.58423,TCGA-D8-A1JI,TCGA-D8-A1JI-01A
691,6657827.63079,TCGA-C8-A12K,TCGA-C8-A12K-01A
692,2849928.71733,TCGA-E2-A1B6,TCGA-E2-A1B6-01A
693,1208253.6844799998,TCGA-BH-A0B7,TCGA-BH-A0B7-01A
694,891209.262471,TCGA-A7-A26E,TCGA-A7-A26E-01A
695,1549638.0414,TCGA-BH-A1EV,TCGA-BH-A1EV-11A
696,680365.941003,TCGA-BH-A0BV,TCGA-BH-A0BV-11A
697,660039.502397,TCGA-BH-A0BS,TCGA-BH-A0BS-11A
698,784238.2571439998,TCGA-E2-A56Z,TCGA-E2-A56Z-01A
699,3685965.16457,TCGA-AC-A6IV,TCGA-AC-A6IV-01A
700,1085606.50417,TCGA-A1-A0SM,TCGA-A1-A0SM-01A
701,3582198.21221,TCGA-EW-A423,TCGA-EW-A423-01A
702,3636265.41295,TCGA-A7-A0CH,TCGA-A7-A0CH-11A
703,857429.690679,TCGA-A7-A426,TCGA-A7-A426-01A
704,1783165.71179,TCGA-BH-A1F8,TCGA-BH-A1F8-11B
705,1407613.0648,TCGA-AR-A24O,TCGA-AR-A24O-01A
706,1597076.25615,TCGA-LD-A66U,TCGA-LD-A66U-01A
707,871408.8752649998,TCGA-LL-A441,TCGA-LL-A441-01A
708,7324294.75314,TCGA-S3-AA10,TCGA-S3-AA10-01A
709,4666201.27126,TCGA-A8-A09Z,TCGA-A8-A09Z-01A
710,3658707.66154,TCGA-AN-A0AJ,TCGA-AN-A0AJ-01A
711,1213457.09491,TCGA-A2-A0CZ,TCGA-A2-A0CZ-01A
712,729315.059758,TCGA-AR-A0U3,TCGA-AR-A0U3-01A
713,1544088.81325,TCGA-A2-A0YK,TCGA-A2-A0YK-01A
714,1589596.3899,TCGA-A2-A0T4,TCGA-A2-A0T4-01A
715,4671919.27875,TCGA-AR-A1AO,TCGA-AR-A1AO-01A
716,3221028.98971,TCGA-BH-A0BC,TCGA-BH-A0BC-01A
717,1236195.23202,TCGA-E2-A150,TCGA-E2-A150-01A
718,1911663.38956,TCGA-A2-A3XX,TCGA-A2-A3XX-01A
719,758547.4207,TCGA-A8-A07G,TCGA-A8-A07G-01A
720,4324699.60128,TCGA-D8-A1XW,TCGA-D8-A1XW-01A
721,3206847.37044,TCGA-AC-A3W5,TCGA-AC-A3W5-01A
722,2380407.38465,TCGA-A8-A0A6,TCGA-A8-A0A6-01A
723,339688.17901900003,TCGA-A8-A09V,TCGA-A8-A09V-01A
724,626679.5763,TCGA-UU-A93S,TCGA-UU-A93S-01A
725,494473.440175,TCGA-C8-A274,TCGA-C8-A274-01A
726,386734.338942,TCGA-BH-A0C0,TCGA-BH-A0C0-11A
727,1085924.94438,TCGA-GM-A3NW,TCGA-GM-A3NW-01A
728,1189286.68083,TCGA-A2-A0EO,TCGA-A2-A0EO-01A
729,3472283.15259,TCGA-LL-A442,TCGA-LL-A442-01A
730,763306.058904,TCGA-E2-A1L6,TCGA-E2-A1L6-01A
731,625341.011985,TCGA-S3-AA14,TCGA-S3-AA14-01A
732,642034.796004,TCGA-C8-A3M7,TCGA-C8-A3M7-01A
733,3418750.49359,TCGA-A7-A6VY,TCGA-A7-A6VY-01A
734,762697.950617,TCGA-A2-A04V,TCGA-A2-A04V-01A
735,509014.845198,TCGA-AN-A0XV,TCGA-AN-A0XV-01A
736,1312212.9359,TCGA-B6-A0I5,TCGA-B6-A0I5-01A
737,3348226.137640001,TCGA-A7-A0DB,TCGA-A7-A0DB-01A
738,1852438.11659,TCGA-E9-A1NA,TCGA-E9-A1NA-01A
739,538215.833058,TCGA-AC-A2BK,TCGA-AC-A2BK-01A
740,5934494.28778,TCGA-AR-A1AJ,TCGA-AR-A1AJ-01A
741,934894.070505,TCGA-S3-A6ZH,TCGA-S3-A6ZH-01A
742,1116451.07133,TCGA-A7-A4SE,TCGA-A7-A4SE-01A
743,4538151.73632,TCGA-A2-A04X,TCGA-A2-A04X-01A
744,3665428.52207,TCGA-A8-A094,TCGA-A8-A094-01A
745,823380.4148649998,TCGA-E2-A1IO,TCGA-E2-A1IO-01A
746,5735816.610880001,TCGA-AN-A0XW,TCGA-AN-A0XW-01A
747,1662768.34698,TCGA-EW-A2FV,TCGA-EW-A2FV-01A
748,1234068.00404,TCGA-BH-A1EU,TCGA-BH-A1EU-11A
749,1212703.4528,TCGA-AR-A24Q,TCGA-AR-A24Q-01A
750,1655498.30192,TCGA-AN-A0FN,TCGA-AN-A0FN-01A
751,1998099.0142,TCGA-BH-A42U,TCGA-BH-A42U-01A
752,950213.490104,TCGA-D8-A1XU,TCGA-D8-A1XU-01A
753,564276.352012,TCGA-D8-A1XB,TCGA-D8-A1XB-01A
754,3759979.29974,TCGA-AR-A24S,TCGA-AR-A24S-01A
755,3450663.21805,TCGA-AR-A2LH,TCGA-AR-A2LH-01A
756,3696754.94872,TCGA-EW-A1P8,TCGA-EW-A1P8-01A
757,1407843.93135,TCGA-A1-A0SQ,TCGA-A1-A0SQ-01A
758,666711.652401,TCGA-BH-A0H9,TCGA-BH-A0H9-01A
759,667933.555275,TCGA-E2-A14X,TCGA-E2-A14X-01A
760,1118757.88366,TCGA-C8-A12L,TCGA-C8-A12L-01A
761,1878686.482,TCGA-C8-A134,TCGA-C8-A134-01A
762,1767047.28344,TCGA-BH-A1EO,TCGA-BH-A1EO-01A
763,388149.701539,TCGA-A2-A0D1,TCGA-A2-A0D1-01A
764,1404762.69184,TCGA-AR-A2LN,TCGA-AR-A2LN-01A
765,471819.717596,TCGA-D8-A73X,TCGA-D8-A73X-01A
766,1574116.98334,TCGA-A2-A3XY,TCGA-A2-A3XY-01A
767,436024.175512,TCGA-D8-A3Z5,TCGA-D8-A3Z5-01A
768,8306423.00188,TCGA-BH-A18V,TCGA-BH-A18V-06A
769,255673.537372,TCGA-A7-A0DB,TCGA-A7-A0DB-01C
770,956596.901065,TCGA-AR-A251,TCGA-AR-A251-01A
771,499732.454031,TCGA-LL-A73Y,TCGA-LL-A73Y-01A
772,780392.869114,TCGA-GM-A2DC,TCGA-GM-A2DC-01A
773,3253385.24875,TCGA-E9-A6HE,TCGA-E9-A6HE-01A
774,2288644.48939,TCGA-D8-A1JE,TCGA-D8-A1JE-01A
775,2526224.27863,TCGA-A8-A08X,TCGA-A8-A08X-01A
776,3376388.0866,TCGA-AR-A0U0,TCGA-AR-A0U0-01A
777,892662.424967,TCGA-A8-A099,TCGA-A8-A099-01A
778,504173.332395,TCGA-E2-A570,TCGA-E2-A570-01A
779,1350438.2291,TCGA-BH-A0DV,TCGA-BH-A0DV-01A
780,5037319.30134,TCGA-A2-A04Q,TCGA-A2-A04Q-01A
781,948563.453348,TCGA-A1-A0SF,TCGA-A1-A0SF-01A
782,1896026.2373,TCGA-3C-AALJ,TCGA-3C-AALJ-01A
783,4037568.8003300005,TCGA-GM-A2DD,TCGA-GM-A2DD-01A
784,844931.132285,TCGA-B6-A401,TCGA-B6-A401-01A
785,1146685.33623,TCGA-E2-A15K,TCGA-E2-A15K-01A
786,432624.85121800005,TCGA-AO-A0J7,TCGA-AO-A0J7-01A
787,527849.5710390001,TCGA-BH-A0AU,TCGA-BH-A0AU-11A
788,2193839.96317,TCGA-E9-A1RC,TCGA-E9-A1RC-11A
789,1364402.59101,TCGA-BH-A0BW,TCGA-BH-A0BW-11A
790,2383916.25162,TCGA-E9-A24A,TCGA-E9-A24A-01A
791,3315218.32665,TCGA-A7-A6VW,TCGA-A7-A6VW-01A
792,979746.200944,TCGA-E9-A1R6,TCGA-E9-A1R6-01A
793,2738139.53272,TCGA-B6-A0RS,TCGA-B6-A0RS-01A
794,3580244.39439,TCGA-LD-A74U,TCGA-LD-A74U-01A
795,2330243.97678,TCGA-GI-A2C9,TCGA-GI-A2C9-11A
796,405714.261544,TCGA-E2-A1B4,TCGA-E2-A1B4-01A
797,2769308.2280200003,TCGA-E2-A15M,TCGA-E2-A15M-01A
798,668110.3498130001,TCGA-BH-A0E2,TCGA-BH-A0E2-01A
799,3580629.8903,TCGA-AO-A12D,TCGA-AO-A12D-01A
800,2599873.01325,TCGA-A8-A09D,TCGA-A8-A09D-01A
801,1042360.72405,TCGA-C8-A12O,TCGA-C8-A12O-01A
802,2678226.05741,TCGA-BH-A0HB,TCGA-BH-A0HB-01A
803,586363.3807069999,TCGA-A1-A0SG,TCGA-A1-A0SG-01A
804,2062801.22991,TCGA-OL-A5D6,TCGA-OL-A5D6-01A
805,1574010.3982799996,TCGA-BH-A0DZ,TCGA-BH-A0DZ-11A
806,282516.564825,TCGA-AO-A03N,TCGA-AO-A03N-01B
807,882532.993993,TCGA-BH-A1F8,TCGA-BH-A1F8-01A
808,454215.5585390001,TCGA-A7-A0D9,TCGA-A7-A0D9-01A
809,2991110.77274,TCGA-BH-A1EY,TCGA-BH-A1EY-01A
810,1091917.44644,TCGA-A8-A06Z,TCGA-A8-A06Z-01A
811,902822.082623,TCGA-BH-A0AY,TCGA-BH-A0AY-11A
812,281931.916122,TCGA-C8-A137,TCGA-C8-A137-01A
813,606869.356243,TCGA-A8-A06N,TCGA-A8-A06N-01A
814,1254336.65861,TCGA-HN-A2OB,TCGA-HN-A2OB-01A
815,2631067.71031,TCGA-LL-A8F5,TCGA-LL-A8F5-01A
816,3230734.31135,TCGA-LL-A73Z,TCGA-LL-A73Z-01A
817,1240552.50238,TCGA-AN-A0FW,TCGA-AN-A0FW-01A
818,2329335.39512,TCGA-A8-A07Z,TCGA-A8-A07Z-01A
819,492178.408998,TCGA-S3-AA11,TCGA-S3-AA11-01A
820,211608.398956,TCGA-EW-A6SA,TCGA-EW-A6SA-01A
821,1814882.23644,TCGA-E9-A2JT,TCGA-E9-A2JT-01A
822,889521.4056299998,TCGA-BH-A0BJ,TCGA-BH-A0BJ-01A
823,2648661.0425400003,TCGA-A2-A3XV,TCGA-A2-A3XV-01A
824,543991.721098,TCGA-E2-A15I,TCGA-E2-A15I-01A
825,764276.182665,TCGA-AR-A2LM,TCGA-AR-A2LM-01A
826,2240711.92888,TCGA-D8-A1JU,TCGA-D8-A1JU-01A
827,2326042.30302,TCGA-A7-A3J1,TCGA-A7-A3J1-01A
828,150848.018732,TCGA-EW-A1OX,TCGA-EW-A1OX-01A
829,3965633.33531,TCGA-D8-A1XQ,TCGA-D8-A1XQ-01A
830,928691.071883,TCGA-A7-A4SC,TCGA-A7-A4SC-01A
831,3019025.65649,TCGA-A8-A09M,TCGA-A8-A09M-01A
832,543641.705416,TCGA-E9-A5UO,TCGA-E9-A5UO-01A
833,471017.089729,TCGA-AC-A6NO,TCGA-AC-A6NO-01A
834,705608.0197640002,TCGA-AC-A8OP,TCGA-AC-A8OP-01A
835,401974.051763,TCGA-AO-A03V,TCGA-AO-A03V-01A
836,1468829.71497,TCGA-AO-A0JF,TCGA-AO-A0JF-01A
837,2216165.25779,TCGA-AR-A0TV,TCGA-AR-A0TV-01A
838,1095533.3961200002,TCGA-A8-A092,TCGA-A8-A092-01A
839,2800282.5778900003,TCGA-E2-A3DX,TCGA-E2-A3DX-01A
840,707117.971974,TCGA-BH-A18N,TCGA-BH-A18N-01A
841,629362.08348,TCGA-B6-A0IE,TCGA-B6-A0IE-01A
842,1906140.97228,TCGA-AC-A5EH,TCGA-AC-A5EH-01A
843,815589.732857,TCGA-MS-A51U,TCGA-MS-A51U-01A
844,1276557.05194,TCGA-A2-A0ET,TCGA-A2-A0ET-01A
845,5448435.1512199985,TCGA-B6-A0IJ,TCGA-B6-A0IJ-01A
846,652756.5840970001,TCGA-BH-A0BJ,TCGA-BH-A0BJ-11A
847,2003657.69757,TCGA-LL-A7T0,TCGA-LL-A7T0-01A
848,2875274.30966,TCGA-PL-A8LZ,TCGA-PL-A8LZ-01A
849,1701509.28113,TCGA-AO-A1KT,TCGA-AO-A1KT-01A
850,748134.862442,TCGA-E2-A105,TCGA-E2-A105-01A
851,765800.816033,TCGA-EW-A6SC,TCGA-EW-A6SC-01A
852,2435853.80016,TCGA-BH-A0HF,TCGA-BH-A0HF-01A
853,2660800.93117,TCGA-PL-A8LX,TCGA-PL-A8LX-01A
854,1039981.52301,TCGA-E9-A1RI,TCGA-E9-A1RI-01A
855,3373836.08556,TCGA-LL-A5YP,TCGA-LL-A5YP-01A
856,1315236.48616,TCGA-AQ-A04J,TCGA-AQ-A04J-01A
857,1331952.78494,TCGA-BH-A1FH,TCGA-BH-A1FH-01A
858,228982.659656,TCGA-AN-A0XO,TCGA-AN-A0XO-01A
859,1653586.91721,TCGA-LL-A740,TCGA-LL-A740-01A
860,1600702.52584,TCGA-AQ-A1H2,TCGA-AQ-A1H2-01A
861,4012882.26937,TCGA-BH-A2L8,TCGA-BH-A2L8-01A
862,2376891.56653,TCGA-AR-A0U4,TCGA-AR-A0U4-01A
863,1623692.09112,TCGA-C8-A135,TCGA-C8-A135-01A
864,613694.279967,TCGA-B6-A0IM,TCGA-B6-A0IM-01A
865,619150.989443,TCGA-B6-A0IQ,TCGA-B6-A0IQ-01A
866,1539622.9615,TCGA-AC-A2B8,TCGA-AC-A2B8-01A
867,1947096.59733,TCGA-AO-A0J6,TCGA-AO-A0J6-01A
868,660442.8117689999,TCGA-BH-A0B8,TCGA-BH-A0B8-01A
869,3968373.81065,TCGA-BH-A0AW,TCGA-BH-A0AW-01A
870,6001801.9753,TCGA-BH-A1EO,TCGA-BH-A1EO-11A
871,1511951.85549,TCGA-E9-A22B,TCGA-E9-A22B-01A
872,1222875.09722,TCGA-D8-A1XZ,TCGA-D8-A1XZ-01A
873,556308.6538409999,TCGA-BH-A1FN,TCGA-BH-A1FN-01A
874,1181674.65766,TCGA-A7-A26F,TCGA-A7-A26F-01B
875,854713.5833470002,TCGA-BH-A204,TCGA-BH-A204-01A
876,1514589.30851,TCGA-E9-A1R3,TCGA-E9-A1R3-01A
877,2173087.05474,TCGA-AC-A23E,TCGA-AC-A23E-01A
878,1361433.45864,TCGA-A1-A0SN,TCGA-A1-A0SN-01A
879,1410769.29073,TCGA-BH-A0DP,TCGA-BH-A0DP-01A
880,696245.156009,TCGA-BH-A18K,TCGA-BH-A18K-01A
881,1444424.94369,TCGA-E9-A1RD,TCGA-E9-A1RD-01A
882,2504688.91272,TCGA-E9-A3X8,TCGA-E9-A3X8-01A
883,1001972.05034,TCGA-A7-A5ZW,TCGA-A7-A5ZW-01A
884,2032373.76837,TCGA-A2-A0YF,TCGA-A2-A0YF-01A
885,868284.895831,TCGA-BH-A0WA,TCGA-BH-A0WA-01A
886,2887193.45561,TCGA-A8-A08J,TCGA-A8-A08J-01A
887,492566.255354,TCGA-C8-A26Z,TCGA-C8-A26Z-01A
888,2568519.94736,TCGA-A2-A0EV,TCGA-A2-A0EV-01A
889,1517510.56201,TCGA-A2-A0T6,TCGA-A2-A0T6-01A
890,1995350.95922,TCGA-AN-A0XS,TCGA-AN-A0XS-01A
891,617149.8602550001,TCGA-A2-A1G4,TCGA-A2-A1G4-01A
892,1456943.13818,TCGA-AC-A23H,TCGA-AC-A23H-11A
893,3205399.50081,TCGA-BH-A0B3,TCGA-BH-A0B3-01A
894,4206036.643569998,TCGA-A8-A08R,TCGA-A8-A08R-01A
895,552028.4960319999,TCGA-E9-A244,TCGA-E9-A244-01A
896,591976.9531800001,TCGA-A8-A06Q,TCGA-A8-A06Q-01A
897,15771893.0194,TCGA-AO-A128,TCGA-AO-A128-01A
898,1955353.70974,TCGA-XX-A899,TCGA-XX-A899-01A
899,434120.036234,TCGA-BH-A18P,TCGA-BH-A18P-11A
900,2705746.56961,TCGA-AC-A3W6,TCGA-AC-A3W6-01A
901,849898.287553,TCGA-BH-A0H0,TCGA-BH-A0H0-01A
902,3499343.5225400007,TCGA-A7-A56D,TCGA-A7-A56D-01A
903,575251.465797,TCGA-BH-A0B7,TCGA-BH-A0B7-11A
904,2672920.28261,TCGA-3C-AALI,TCGA-3C-AALI-01A
905,1631144.93864,TCGA-E9-A1QZ,TCGA-E9-A1QZ-01A
906,1514966.85376,TCGA-E2-A1B0,TCGA-E2-A1B0-01A
907,519367.429706,TCGA-D8-A27P,TCGA-D8-A27P-01A
908,10352072.0421,TCGA-D8-A73U,TCGA-D8-A73U-01A
909,1513643.27975,TCGA-A2-A3XS,TCGA-A2-A3XS-01A
910,728534.479193,TCGA-AO-A12A,TCGA-AO-A12A-01A
911,3014724.45339,TCGA-AC-A2FB,TCGA-AC-A2FB-11A
912,349987.869152,TCGA-B6-A0RG,TCGA-B6-A0RG-01A
913,329597.049039,TCGA-AR-A24W,TCGA-AR-A24W-01A
914,2831797.54227,TCGA-BH-A0DG,TCGA-BH-A0DG-01A
915,1199651.23107,TCGA-GM-A5PV,TCGA-GM-A5PV-01A
916,1746989.27206,TCGA-OL-A5RU,TCGA-OL-A5RU-01A
917,1044652.76888,TCGA-E2-A15K,TCGA-E2-A15K-06A
918,1133339.91992,TCGA-AN-A03X,TCGA-AN-A03X-01A
919,1034440.54668,TCGA-AC-A23C,TCGA-AC-A23C-01A
920,1007349.1302,TCGA-E2-A572,TCGA-E2-A572-01A
921,4314299.05102,TCGA-D8-A1Y3,TCGA-D8-A1Y3-01A
922,1931270.17238,TCGA-BH-A0BV,TCGA-BH-A0BV-01A
923,2729138.66482,TCGA-D8-A27N,TCGA-D8-A27N-01A
924,4859886.13734,TCGA-EW-A1IZ,TCGA-EW-A1IZ-01A
925,382140.920302,TCGA-AN-A0XT,TCGA-AN-A0XT-01A
926,630227.093078,TCGA-BH-A0DP,TCGA-BH-A0DP-11A
927,3038123.10289,TCGA-A2-A0ST,TCGA-A2-A0ST-01A
928,2193054.54866,TCGA-EW-A1J6,TCGA-EW-A1J6-01A
929,1016345.49457,TCGA-A8-A0A9,TCGA-A8-A0A9-01A
930,309069.206668,TCGA-C8-A1HJ,TCGA-C8-A1HJ-01A
931,1204708.8478700002,TCGA-A8-A0AD,TCGA-A8-A0AD-01A
932,2302143.45423,TCGA-A2-A0YI,TCGA-A2-A0YI-01A
933,625923.203886,TCGA-BH-A0HU,TCGA-BH-A0HU-01A
934,1582612.15358,TCGA-A2-A3XZ,TCGA-A2-A3XZ-01A
935,2239826.98517,TCGA-AC-A8OQ,TCGA-AC-A8OQ-01A
936,2234512.83473,TCGA-D8-A141,TCGA-D8-A141-01A
937,324404.11732,TCGA-D8-A13Y,TCGA-D8-A13Y-01A
938,1000898.82848,TCGA-E2-A1LL,TCGA-E2-A1LL-01A
939,968971.499952,TCGA-BH-A1FG,TCGA-BH-A1FG-01A
940,4094242.9257,TCGA-E9-A1NG,TCGA-E9-A1NG-11A
941,931715.125327,TCGA-BH-A0HK,TCGA-BH-A0HK-01A
942,1035403.96037,TCGA-E9-A228,TCGA-E9-A228-01A
943,539798.570221,TCGA-B6-A0WT,TCGA-B6-A0WT-01A
944,615798.700691,TCGA-A1-A0SJ,TCGA-A1-A0SJ-01A
945,1620113.72016,TCGA-E2-A2P6,TCGA-E2-A2P6-01A
946,10109380.875,TCGA-AR-A2LJ,TCGA-AR-A2LJ-01A
947,1035991.79761,TCGA-BH-A0E6,TCGA-BH-A0E6-01A
948,3875118.11986,TCGA-BH-A1FN,TCGA-BH-A1FN-11A
949,5868461.5885,TCGA-E9-A243,TCGA-E9-A243-01A
950,878271.1813309998,TCGA-AQ-A04H,TCGA-AQ-A04H-01B
951,843426.2208680002,TCGA-AN-A0FY,TCGA-AN-A0FY-01A
952,1689473.0528,TCGA-EW-A1J2,TCGA-EW-A1J2-01A
953,1828565.67662,TCGA-HN-A2NL,TCGA-HN-A2NL-01A
954,2323611.35613,TCGA-BH-A0RX,TCGA-BH-A0RX-01A
955,1300621.02707,TCGA-A2-A0EW,TCGA-A2-A0EW-01A
956,1156668.53633,TCGA-B6-A409,TCGA-B6-A409-01A
957,2635647.1002700003,TCGA-BH-A0EB,TCGA-BH-A0EB-01A
958,1286122.77877,TCGA-A8-A07P,TCGA-A8-A07P-01A
959,2350997.63308,TCGA-A2-A0SV,TCGA-A2-A0SV-01A
960,3087478.76956,TCGA-AC-A3TM,TCGA-AC-A3TM-01A
961,242715.763825,TCGA-E9-A226,TCGA-E9-A226-01A
962,2939083.25421,TCGA-E2-A14Z,TCGA-E2-A14Z-01A
963,1986724.13592,TCGA-5L-AAT0,TCGA-5L-AAT0-01A
964,304982.216668,TCGA-A2-A0T3,TCGA-A2-A0T3-01A
965,3250591.74941,TCGA-E9-A5FK,TCGA-E9-A5FK-01A
966,850400.9698020002,TCGA-AC-A2FM,TCGA-AC-A2FM-01A
967,969653.765849,TCGA-A8-A08B,TCGA-A8-A08B-01A
968,171119.435644,TCGA-E9-A1RC,TCGA-E9-A1RC-01A
969,2006722.9383,TCGA-AR-A2LQ,TCGA-AR-A2LQ-01A
970,3637428.57627,TCGA-AR-A0TT,TCGA-AR-A0TT-01A
971,1085884.1001,TCGA-C8-A1HN,TCGA-C8-A1HN-01A
972,599985.516088,TCGA-E9-A1N9,TCGA-E9-A1N9-01A
973,3410904.06567,TCGA-BH-A0DK,TCGA-BH-A0DK-01A
974,471810.381669,TCGA-E2-A15H,TCGA-E2-A15H-01A
975,534830.566061,TCGA-A1-A0SO,TCGA-A1-A0SO-01A
976,432348.465211,TCGA-E2-A154,TCGA-E2-A154-01A
977,1594378.7796200004,TCGA-BH-A0BG,TCGA-BH-A0BG-01A
978,772755.877097,TCGA-BH-A18F,TCGA-BH-A18F-01A
979,232004.821411,TCGA-BH-A0HW,TCGA-BH-A0HW-01A
980,2289212.8191400003,TCGA-A8-A081,TCGA-A8-A081-01A
981,1832252.97564,TCGA-A2-A0YM,TCGA-A2-A0YM-01A
982,4704578.31603,TCGA-C8-A8HP,TCGA-C8-A8HP-01A
983,1029006.0318,TCGA-BH-A0BQ,TCGA-BH-A0BQ-11A
984,1780953.36851,TCGA-BH-A1EN,TCGA-BH-A1EN-11A
985,2042755.66935,TCGA-E2-A10F,TCGA-E2-A10F-01A
986,3173392.71823,TCGA-S3-AA15,TCGA-S3-AA15-01A
987,1867676.31315,TCGA-A7-A2KD,TCGA-A7-A2KD-01A
988,539984.1574779999,TCGA-A2-A3XU,TCGA-A2-A3XU-01A
989,832867.658925,TCGA-E9-A1RB,TCGA-E9-A1RB-01A
990,383012.592955,TCGA-EW-A1PA,TCGA-EW-A1PA-01A
991,1258874.94648,TCGA-EW-A2FR,TCGA-EW-A2FR-01A
992,2791641.03687,TCGA-AR-A1AI,TCGA-AR-A1AI-01A
993,1388581.06157,TCGA-A8-A06R,TCGA-A8-A06R-01A
994,2594593.1401400003,TCGA-AR-A24V,TCGA-AR-A24V-01A
995,3790235.60435,TCGA-BH-A0BZ,TCGA-BH-A0BZ-01A
996,10411325.4657,TCGA-OL-A66I,TCGA-OL-A66I-01A
997,287886.585393,TCGA-A8-A0AB,TCGA-A8-A0AB-01A
998,1346048.6717299998,TCGA-A8-A06P,TCGA-A8-A06P-01A
999,1001197.20173,TCGA-D8-A1XR,TCGA-D8-A1XR-01A
1000,655418.415295,TCGA-A2-A0D4,TCGA-A2-A0D4-01A
1001,2188280.72368,TCGA-C8-A12X,TCGA-C8-A12X-01A
1002,1672100.0158,TCGA-E9-A1N6,TCGA-E9-A1N6-11A
1003,1905878.38131,TCGA-AC-A2FO,TCGA-AC-A2FO-01A
1004,1134665.46815,TCGA-E2-A109,TCGA-E2-A109-01A
1005,1431158.2783700004,TCGA-D8-A1JH,TCGA-D8-A1JH-01A
1006,1763756.57906,TCGA-C8-A12W,TCGA-C8-A12W-01A
1007,937215.300168,TCGA-BH-A1FB,TCGA-BH-A1FB-11A
1008,1154854.24298,TCGA-3C-AALK,TCGA-3C-AALK-01A
1009,1529414.48632,TCGA-A2-A0YC,TCGA-A2-A0YC-01A
1010,4076308.25917,TCGA-E2-A1LA,TCGA-E2-A1LA-01A
1011,499165.753813,TCGA-BH-A0DO,TCGA-BH-A0DO-11A
1012,1537112.81971,TCGA-GM-A3XN,TCGA-GM-A3XN-01A
1013,1434752.75422,TCGA-D8-A27G,TCGA-D8-A27G-01A
1014,5226992.17131,TCGA-BH-A5J0,TCGA-BH-A5J0-01A
1015,786347.827856,TCGA-EW-A1OY,TCGA-EW-A1OY-01A
1016,783027.7289689998,TCGA-BH-A0GY,TCGA-BH-A0GY-01A
1017,2097717.84535,TCGA-AN-A0AL,TCGA-AN-A0AL-01A
1018,793269.495407,TCGA-BH-A28Q,TCGA-BH-A28Q-01A
1019,749809.2499149998,TCGA-D8-A1XF,TCGA-D8-A1XF-01A
1020,1140331.0720600002,TCGA-AN-A0G0,TCGA-AN-A0G0-01A
1021,1159900.47693,TCGA-EW-A1J3,TCGA-EW-A1J3-01A
1022,1347426.69742,TCGA-D8-A140,TCGA-D8-A140-01A
1023,330577.836847,TCGA-AR-A24K,TCGA-AR-A24K-01A
1024,1641426.7633,TCGA-AC-A6IX,TCGA-AC-A6IX-01A
1025,682688.805929,TCGA-E2-A15L,TCGA-E2-A15L-01A
1026,829244.090967,TCGA-AR-A256,TCGA-AR-A256-01A
1027,1128366.47202,TCGA-C8-A132,TCGA-C8-A132-01A
1028,1683053.26867,TCGA-BH-A203,TCGA-BH-A203-01A
1029,1652852.77704,TCGA-AR-A2LO,TCGA-AR-A2LO-01A
1030,2276474.30402,TCGA-A2-A3XW,TCGA-A2-A3XW-01A
1031,2802658.69306,TCGA-BH-A0DZ,TCGA-BH-A0DZ-01A
1032,401700.609981,TCGA-AN-A0AR,TCGA-AN-A0AR-01A
1033,899033.4743620001,TCGA-A2-A0EM,TCGA-A2-A0EM-01A
1034,1625465.98059,TCGA-AC-A2FF,TCGA-AC-A2FF-01A
1035,1699144.43308,TCGA-A2-A0ES,TCGA-A2-A0ES-01A
1036,4624296.24032,TCGA-BH-A209,TCGA-BH-A209-01A
1037,626334.7795930001,TCGA-E2-A10A,TCGA-E2-A10A-01A
1038,438499.729146,TCGA-BH-A1FE,TCGA-BH-A1FE-11B
1039,1861512.96317,TCGA-A7-A0CG,TCGA-A7-A0CG-01A
1040,1764183.38144,TCGA-BH-A0B8,TCGA-BH-A0B8-11A
1041,1676905.02009,TCGA-D8-A27I,TCGA-D8-A27I-01A
1042,1269230.83053,TCGA-AR-A24R,TCGA-AR-A24R-01A
1043,3530609.59812,TCGA-XX-A89A,TCGA-XX-A89A-01A
1044,1456629.07335,TCGA-A2-A04P,TCGA-A2-A04P-01A
1045,2273458.82365,TCGA-BH-A0HO,TCGA-BH-A0HO-01A
1046,2257743.97861,TCGA-GM-A2DN,TCGA-GM-A2DN-01A
1047,955921.47917,TCGA-B6-A0IH,TCGA-B6-A0IH-01A
1048,2541404.67001,TCGA-D8-A1JP,TCGA-D8-A1JP-01A
1049,638551.160724,TCGA-AR-A1AV,TCGA-AR-A1AV-01A
1050,809741.469682,TCGA-A8-A08T,TCGA-A8-A08T-01A
1051,3017573.752670001,TCGA-LD-A9QF,TCGA-LD-A9QF-01A
1052,3195942.48347,TCGA-AQ-A7U7,TCGA-AQ-A7U7-01A
1053,3867612.56322,TCGA-A2-A0T1,TCGA-A2-A0T1-01A
1054,1146646.41978,TCGA-A2-A0EY,TCGA-A2-A0EY-01A
1055,4242211.63143,TCGA-WT-AB41,TCGA-WT-AB41-01A
1056,1907200.98621,TCGA-GM-A2DM,TCGA-GM-A2DM-01A
1057,397956.54917,TCGA-AR-A1AY,TCGA-AR-A1AY-01A
1058,1042052.66194,TCGA-AR-A1AU,TCGA-AR-A1AU-01A
1059,5006667.69769,TCGA-B6-A0RT,TCGA-B6-A0RT-01A
1060,4259492.425969998,TCGA-BH-A1F0,TCGA-BH-A1F0-01A
1061,798659.61797,TCGA-AO-A0J3,TCGA-AO-A0J3-01A
1062,970778.805415,TCGA-D8-A3Z6,TCGA-D8-A3Z6-01A
1063,1830338.84624,TCGA-EW-A3E8,TCGA-EW-A3E8-01B
1064,1221818.6166,TCGA-BH-A0B5,TCGA-BH-A0B5-01A
1065,972055.604577,TCGA-A8-A09B,TCGA-A8-A09B-01A
1066,3718655.54127,TCGA-AC-A5XS,TCGA-AC-A5XS-01A
1067,780698.572941,TCGA-C8-A12N,TCGA-C8-A12N-01A
1068,677424.6430350001,TCGA-A8-A0A4,TCGA-A8-A0A4-01A
1069,1058279.9791,TCGA-D8-A1JN,TCGA-D8-A1JN-01A
1070,440534.479454,TCGA-A7-A0CJ,TCGA-A7-A0CJ-01A
1071,404597.452948,TCGA-D8-A1XD,TCGA-D8-A1XD-01A
1072,16940479.8158,TCGA-AC-A2QJ,TCGA-AC-A2QJ-01A
1073,1751026.367,TCGA-AN-A0FD,TCGA-AN-A0FD-01A
1074,2113651.59332,TCGA-AO-A03O,TCGA-AO-A03O-01A
1075,2588619.19345,TCGA-EW-A1OV,TCGA-EW-A1OV-01A
1076,686365.012784,TCGA-BH-A0HQ,TCGA-BH-A0HQ-01A
1077,841791.043039,TCGA-E2-A1BD,TCGA-E2-A1BD-01A
1078,346954.182018,TCGA-B6-A0RM,TCGA-B6-A0RM-01A
1079,1083179.79655,TCGA-BH-A0BQ,TCGA-BH-A0BQ-01A
1080,859244.3352459999,TCGA-AO-A03P,TCGA-AO-A03P-01A
1081,7744925.022439999,TCGA-C8-A12V,TCGA-C8-A12V-01A
1082,2733289.59581,TCGA-A2-A0EN,TCGA-A2-A0EN-01A
1083,213103.965172,TCGA-B6-A0IC,TCGA-B6-A0IC-01A
1084,1229238.2992399998,TCGA-BH-A18M,TCGA-BH-A18M-11A
1085,427614.392946,TCGA-E2-A1BC,TCGA-E2-A1BC-01A
1086,2049666.19659,TCGA-AN-A0AM,TCGA-AN-A0AM-01A
1087,447181.43104,TCGA-BH-A0DO,TCGA-BH-A0DO-01B
1088,633450.5194689999,TCGA-BH-A0AV,TCGA-BH-A0AV-01A
1089,1511501.1992,TCGA-AO-A03R,TCGA-AO-A03R-01A
1090,2183925.45063,TCGA-BH-A18V,TCGA-BH-A18V-11A
1091,360204.320153,TCGA-AR-A0TP,TCGA-AR-A0TP-01A
1092,1878095.38633,TCGA-AR-A0TS,TCGA-AR-A0TS-01A
1093,2099194.99777,TCGA-AO-A0JJ,TCGA-AO-A0JJ-01A
1094,779978.7796,TCGA-A8-A083,TCGA-A8-A083-01A
1095,700034.176753,TCGA-AN-A041,TCGA-AN-A041-01A
1096,850708.9815539998,TCGA-AO-A1KS,TCGA-AO-A1KS-01A
1097,2018141.64655,TCGA-BH-A8FY,TCGA-BH-A8FY-01A
1098,944626.020342,TCGA-LD-A7W6,TCGA-LD-A7W6-01A
1099,1939125.95546,TCGA-S3-AA0Z,TCGA-S3-AA0Z-01A
1100,1062011.67229,TCGA-EW-A1IW,TCGA-EW-A1IW-01A
1101,22411290.0575,TCGA-EW-A1PB,TCGA-EW-A1PB-01A
1102,4133552.8699,TCGA-BH-A0B2,TCGA-BH-A0B2-01A
1103,1417042.51702,TCGA-BH-A1EX,TCGA-BH-A1EX-01A
1104,2463362.33831,TCGA-AO-A0JE,TCGA-AO-A0JE-01A
1105,956384.803139,TCGA-AR-A5QP,TCGA-AR-A5QP-01A
1106,1393650.55213,TCGA-E2-A1L9,TCGA-E2-A1L9-01A
1107,393024.557439,TCGA-E2-A1L8,TCGA-E2-A1L8-01A
1108,5156503.66,TCGA-E2-A1LH,TCGA-E2-A1LH-01A
1109,1345529.33117,TCGA-A7-A4SA,TCGA-A7-A4SA-01A
1110,1373590.84493,TCGA-E2-A153,TCGA-E2-A153-01A
1111,367417.422934,TCGA-AO-A1KR,TCGA-AO-A1KR-01A
1112,793478.599991,TCGA-OL-A5RZ,TCGA-OL-A5RZ-01A
1113,2177544.97301,TCGA-E9-A1RI,TCGA-E9-A1RI-11A
1114,653019.413224,TCGA-AR-A1AL,TCGA-AR-A1AL-01A
1115,2438183.43232,TCGA-C8-A27B,TCGA-C8-A27B-01A
1116,711634.843871,TCGA-A2-A0D3,TCGA-A2-A0D3-01A
1117,922596.994152,TCGA-A2-A0CV,TCGA-A2-A0CV-01A
1118,1766572.65976,TCGA-AN-A0FF,TCGA-AN-A0FF-01A
1119,1652220.2128,TCGA-BH-A0BD,TCGA-BH-A0BD-01A
1120,1413461.30805,TCGA-AO-A12E,TCGA-AO-A12E-01A
1121,3377096.4582700008,TCGA-AN-A046,TCGA-AN-A046-01A
1122,614340.9675050001,TCGA-BH-A1F2,TCGA-BH-A1F2-11A
1123,2238046.22523,TCGA-A2-A0SY,TCGA-A2-A0SY-01A
1124,698460.5553390001,TCGA-D8-A1JS,TCGA-D8-A1JS-01A
1125,314621.744683,TCGA-E2-A106,TCGA-E2-A106-01A
1126,905631.3902,TCGA-E9-A1R0,TCGA-E9-A1R0-01A
1127,3450390.60985,TCGA-A2-A3Y0,TCGA-A2-A3Y0-01A
1128,2494160.96479,TCGA-BH-A0BL,TCGA-BH-A0BL-01A
1129,515850.44346,TCGA-B6-A40B,TCGA-B6-A40B-01A
1130,1247199.03633,TCGA-BH-A42V,TCGA-BH-A42V-01A
1131,519243.02136,TCGA-A8-A08C,TCGA-A8-A08C-01A
1132,11290056.7859,TCGA-OL-A66P,TCGA-OL-A66P-01A
1133,1956003.57448,TCGA-D8-A1XM,TCGA-D8-A1XM-01A
1134,1077969.42651,TCGA-AO-A12B,TCGA-AO-A12B-01A
1135,397126.376253,TCGA-B6-A402,TCGA-B6-A402-01A
1136,3194877.03884,TCGA-AR-A252,TCGA-AR-A252-01A
1137,4341245.20951,TCGA-AR-A0TW,TCGA-AR-A0TW-01A
1138,910777.674787,TCGA-BH-A0W5,TCGA-BH-A0W5-01A
1139,1574465.52902,TCGA-E2-A9RU,TCGA-E2-A9RU-01A
1140,572339.656136,TCGA-AR-A24X,TCGA-AR-A24X-01A
1141,1361043.29271,TCGA-AR-A0TQ,TCGA-AR-A0TQ-01A
1142,3057564.82843,TCGA-D8-A1JK,TCGA-D8-A1JK-01A
1143,1284689.88866,TCGA-B6-A3ZX,TCGA-B6-A3ZX-01A
1144,378855.889875,TCGA-E2-A15I,TCGA-E2-A15I-11A
1145,1878235.27403,TCGA-PL-A8LY,TCGA-PL-A8LY-01A
1146,1156359.6869700002,TCGA-AN-A03Y,TCGA-AN-A03Y-01A
1147,1417561.97915,TCGA-AN-A04C,TCGA-AN-A04C-01A
1148,3936507.39325,TCGA-C8-A26X,TCGA-C8-A26X-01A
1149,766039.962696,TCGA-BH-A0HX,TCGA-BH-A0HX-01A
1150,1461307.31037,TCGA-A2-A0CK,TCGA-A2-A0CK-01A
1151,1096781.89428,TCGA-OK-A5Q2,TCGA-OK-A5Q2-01A
1152,2845413.8409700007,TCGA-A8-A08P,TCGA-A8-A08P-01A
1153,867678.443123,TCGA-E2-A15G,TCGA-E2-A15G-01A
1154,566820.252578,TCGA-E9-A1N9,TCGA-E9-A1N9-11A
1155,4148030.1077,TCGA-E2-A159,TCGA-E2-A159-01A
1156,4338950.6159,TCGA-A2-A0EP,TCGA-A2-A0EP-01A
1157,1832271.33075,TCGA-BH-A42T,TCGA-BH-A42T-01A
1158,3426889.69186,TCGA-E9-A1NG,TCGA-E9-A1NG-01A
1159,777944.334518,TCGA-E2-A1IU,TCGA-E2-A1IU-01A
1160,4515902.51083,TCGA-A7-A13E,TCGA-A7-A13E-11A
1161,758068.16929,TCGA-AN-A0FJ,TCGA-AN-A0FJ-01A
1162,1488699.60759,TCGA-C8-A1HL,TCGA-C8-A1HL-01A
1163,896963.174899,TCGA-A1-A0SD,TCGA-A1-A0SD-01A
1164,1359735.09479,TCGA-AC-A5XU,TCGA-AC-A5XU-01A
1165,388376.550817,TCGA-BH-A208,TCGA-BH-A208-11A
1166,804794.760429,TCGA-A2-A0T5,TCGA-A2-A0T5-01A
1167,1013446.75115,TCGA-AN-A0XP,TCGA-AN-A0XP-01A
1168,782435.399759,TCGA-A2-A4S0,TCGA-A2-A4S0-01A
1169,938244.414121,TCGA-BH-A18P,TCGA-BH-A18P-01A
1170,4572520.05881,TCGA-C8-A1HG,TCGA-C8-A1HG-01A
1171,742431.61963,TCGA-E2-A14N,TCGA-E2-A14N-01A
1172,953630.482254,TCGA-E9-A245,TCGA-E9-A245-01A
1173,1513489.76444,TCGA-AN-A0XN,TCGA-AN-A0XN-01A
1174,7379311.70903,TCGA-AR-A5QQ,TCGA-AR-A5QQ-01A
1175,629608.6007739999,TCGA-D8-A1XA,TCGA-D8-A1XA-01A
1176,1449384.98579,TCGA-UL-AAZ6,TCGA-UL-AAZ6-01A
1177,3750633.93511,TCGA-AC-A2FE,TCGA-AC-A2FE-01A
1178,344898.601614,TCGA-E2-A158,TCGA-E2-A158-01A
1179,4074167.04124,TCGA-C8-A1HF,TCGA-C8-A1HF-01A
1180,741226.10698,TCGA-PE-A5DC,TCGA-PE-A5DC-01A
1181,2516049.21951,TCGA-BH-A0BZ,TCGA-BH-A0BZ-11A
1182,2584376.53643,TCGA-BH-A202,TCGA-BH-A202-01A
1183,2389381.95553,TCGA-BH-A0B9,TCGA-BH-A0B9-01A
1184,1500148.18372,TCGA-D8-A1XT,TCGA-D8-A1XT-01A
1185,823373.955186,TCGA-A2-A0T7,TCGA-A2-A0T7-01A
1186,1112914.47566,TCGA-A2-A25B,TCGA-A2-A25B-01A
1187,1639384.4505,TCGA-EW-A1OZ,TCGA-EW-A1OZ-01A
1188,4142891.67945,TCGA-A8-A08F,TCGA-A8-A08F-01A
1189,1333638.4109999998,TCGA-AQ-A0Y5,TCGA-AQ-A0Y5-01A
1190,4698668.14685,TCGA-E9-A1NC,TCGA-E9-A1NC-01A
1191,770295.029058,TCGA-A7-A0CD,TCGA-A7-A0CD-01A
1192,130377.02964,TCGA-A7-A0DC,TCGA-A7-A0DC-01A
1193,1305423.72886,TCGA-A2-A0YT,TCGA-A2-A0YT-01A
1194,1517650.30705,TCGA-A8-A07E,TCGA-A8-A07E-01A
1195,4312575.8411300015,TCGA-BH-A0B6,TCGA-BH-A0B6-01A
1196,734986.812541,TCGA-A8-A09E,TCGA-A8-A09E-01A
1197,757042.6711149998,TCGA-C8-A1HO,TCGA-C8-A1HO-01A
1198,2195044.67982,TCGA-GI-A2C8,TCGA-GI-A2C8-01A
1199,266449.400124,TCGA-AO-A0JI,TCGA-AO-A0JI-01A
1200,2667295.43326,TCGA-A8-A09I,TCGA-A8-A09I-01A
1201,891663.612855,TCGA-EW-A2FW,TCGA-EW-A2FW-01A
1202,1411382.36412,TCGA-A7-A0DC,TCGA-A7-A0DC-11A
1203,2438393.48731,TCGA-A8-A06U,TCGA-A8-A06U-01A
1204,242173.203152,TCGA-GI-A2C8,TCGA-GI-A2C8-11A
1205,6179651.29111,TCGA-5L-AAT1,TCGA-5L-AAT1-01A
1206,750057.072022,TCGA-AO-A0J5,TCGA-AO-A0J5-01A
1207,242263.09832600004,TCGA-BH-A0HL,TCGA-BH-A0HL-01A
1208,2731811.60971,TCGA-AR-A2LL,TCGA-AR-A2LL-01A
1209,892039.7231219999,TCGA-C8-A1HI,TCGA-C8-A1HI-01A
1210,294759.595478,TCGA-A7-A0DC,TCGA-A7-A0DC-01B
1211,463306.984387,TCGA-BH-A0HN,TCGA-BH-A0HN-01A
1212,1547044.32229,TCGA-AR-A2LR,TCGA-AR-A2LR-01A
1213,1200715.00543,TCGA-A8-A06T,TCGA-A8-A06T-01A
1214,1051730.4516200002,TCGA-A8-A091,TCGA-A8-A091-01A
1215,1269193.78932,TCGA-A8-A09K,TCGA-A8-A09K-01A
1216,978129.576531,TCGA-D8-A146,TCGA-D8-A146-01A
1217,653365.07662,TCGA-A8-A08S,TCGA-A8-A08S-01A
1218,451160.250479,TCGA-A8-A093,TCGA-A8-A093-01A
1219,465191.859416,TCGA-BH-A1F5,TCGA-BH-A1F5-01A
1220,289736.589192,TCGA-A8-A084,TCGA-A8-A084-01A
